#include "lvgl.h"
#include "stdint.h"
static const uint8_t frame_12_delay_0_map[] = {

    0x01,0x00,0x00,0x00,0x4c,0x50,0x00,0x00,0x00,0x0d,0x02,0x00,0x7f,0xff,0xff,0x7f,
    0xff,0xff,0x7f,0xff,0xff,0x7f,0xff,0xff,0x7f,0xff,0xff,0x7f,0xff,0xff,0x7f,0xff,
    0xff,0x7f,0xff,0xff,0x7f,0xff,0xff,0x7f,0xff,0xff,0x7f,0xff,0xff,0x7f,0xff,0xff,
    0x7f,0xff,0xff,0x7f,0xff,0xff,0x7f,0xff,0xff,0x7f,0xff,0xff,0x7f,0xff,0xff,0x7f,
    0xff,0xff,0x7f,0xff,0xff,0x7f,0xff,0xff,0x7f,0xff,0xff,0x7f,0xff,0xff,0x7f,0xff,
    0xff,0x7f,0xff,0xff,0x7f,0xff,0xff,0x7f,0xff,0xff,0x7f,0xff,0xff,0x7f,0xff,0xff,
    0x7f,0xff,0xff,0x7f,0xff,0xff,0x7f,0xff,0xff,0x7f,0xff,0xff,0x7f,0xff,0xff,0x7f,
    0xff,0xff,0x7f,0xff,0xff,0x7f,0xff,0xff,0x7f,0xff,0xff,0x7f,0xff,0xff,0x7f,0xff,
    0xff,0x7f,0xff,0xff,0x7f,0xff,0xff,0x7f,0xff,0xff,0x7f,0xff,0xff,0x7f,0xff,0xff,
    0x7f,0xff,0xff,0x7f,0xff,0xff,0x7f,0xff,0xff,0x7f,0xff,0xff,0x7f,0xff,0xff,0x7f,
    0xff,0xff,0x7f,0xff,0xff,0x7f,0xff,0xff,0x7f,0xff,0xff,0x7f,0xff,0xff,0x7f,0xff,
    0xff,0x7f,0xff,0xff,0x7f,0xff,0xff,0x7f,0xff,0xff,0x7f,0xff,0xff,0x7f,0xff,0xff,
    0x7f,0xff,0xff,0x7f,0xff,0xff,0x7f,0xff,0xff,0x7f,0xff,0xff,0x7f,0xff,0xff,0x7f,
    0xff,0xff,0x7f,0xff,0xff,0x7f,0xff,0xff,0x7f,0xff,0xff,0x43,0xff,0xff,0x91,0xbe,
    0xff,0x5d,0xef,0xfb,0xe6,0x59,0xde,0x9a,0xe6,0xbe,0xff,0xff,0xff,0xff,0xff,0xff,
    0xff,0xff,0xff,0xbe,0xff,0x50,0xac,0xd7,0xdd,0x9c,0xff,0xbe,0xff,0xbe,0xff,0xff,
    0xff,0x7f,0xff,0xff,0x5f,0xff,0xff,0x93,0xdb,0xee,0x14,0xbd,0x4c,0x8b,0x89,0x82,
    0x08,0x82,0x08,0x82,0xce,0x9b,0x16,0xd6,0x9c,0xff,0xff,0xff,0xff,0xff,0xfb,0xe6,
    0x88,0xa3,0x49,0x7a,0xd3,0xbc,0x92,0xac,0xcf,0xa3,0x18,0xd6,0xff,0xff,0x7f,0xff,
    0xff,0x5d,0xff,0xff,0x94,0xbe,0xff,0x0c,0x8b,0x05,0x93,0x8b,0xbc,0x8c,0xdd,0x2d,
    0xee,0xec,0xed,0x08,0xb4,0x83,0x82,0xd3,0xbc,0x7d,0xf7,0xff,0xff,0x59,0xd6,0x91,
    0xf6,0x0b,0xcd,0xa3,0x69,0x84,0x8a,0x08,0xb4,0x89,0x82,0xff,0xff,0x7f,0xff,0xff,
    0x5d,0xff,0xff,0x94,0xbe,0xff,0x0c,0x8b,0x05,0x93,0x8b,0xbc,0x8c,0xdd,0x2d,0xee,
    0xec,0xed,0x08,0xb4,0x83,0x82,0xd3,0xbc,0x7d,0xf7,0xff,0xff,0x59,0xd6,0x91,0xf6,
    0x0b,0xcd,0xa3,0x69,0x84,0x8a,0x08,0xb4,0x89,0x82,0xff,0xff,0x7f,0xff,0xff,0x5d,
    0xff,0xff,0x95,0x18,0xd6,0x8b,0xbc,0x2d,0xee,0xce,0xf6,0xce,0xf6,0x8d,0xf6,0x8d,
    0xf6,0xce,0xf6,0xcc,0xdd,0xc4,0x8a,0x92,0xbc,0x7d,0xf7,0x9a,0xe6,0x0f,0xe6,0xce,
    0xf6,0x05,0x93,0xc8,0xab,0x30,0xff,0x88,0xbc,0x7d,0xf7,0xff,0xff,0x7f,0xff,0xff,
    0x5b,0xff,0xff,0x97,0x1c,0xef,0xcb,0x8a,0xce,0xfe,0x6d,0xf6,0x6d,0xf6,0x6d,0xfe,
    0x6d,0xfe,0x6d,0xfe,0x6d,0xf6,0x8d,0xfe,0x0c,0xde,0x04,0x7a,0x4c,0x8b,0x0c,0x8b,
    0xc9,0xc4,0x8e,0xf6,0x45,0x93,0x02,0x72,0x2d,0xee,0x0c,0xe6,0xf8,0xd5,0xbe,0xff,
    0xff,0xff,0x7f,0xff,0xff,0x5a,0xff,0xff,0x9a,0xd3,0xbc,0x05,0x93,0x8d,0xf6,0x6d,
    0xfe,0x6d,0xf6,0x6d,0xf6,0x8e,0xf6,0xf4,0xf6,0x57,0xff,0xd1,0xf6,0xce,0xf6,0xc9,
    0xbc,0xa3,0x69,0x2a,0xbc,0x83,0x82,0x2d,0xe6,0xc8,0xab,0x01,0x59,0x4b,0xdd,0x8e,
    0xf6,0x08,0x72,0x4d,0x9b,0xd3,0xbc,0x59,0xde,0x5d,0xef,0xff,0xff,0x7f,0xff,0xff,
    0x56,0xff,0xff,0x9e,0x1c,0xf7,0x0c,0x9b,0xc9,0xc4,0x6d,0xf6,0x6d,0xfe,0x6d,0xf6,
    0x91,0xf6,0x9a,0xff,0xbe,0xff,0xff,0xff,0x9c,0xff,0xb0,0xfe,0x2d,0xee,0x65,0x9b,
    0xab,0xd5,0x83,0x82,0xc9,0xbc,0xcc,0xdd,0xc4,0x8a,0xcc,0xdd,0x2d,0xe6,0x88,0xbc,
    0x88,0xbc,0x65,0x9b,0x09,0x8b,0x4d,0x9b,0xd3,0xbc,0x7d,0xf7,0xbe,0xff,0xff,0xff,
    0x7f,0xff,0xff,0x52,0xff,0xff,0xa0,0x7d,0xf7,0x14,0xc5,0xe7,0x81,0xcc,0xdd,0x6d,
    0xfe,0x6d,0xfe,0x8e,0xf6,0x79,0xff,0xff,0xff,0xff,0xff,0xff,0xff,0xff,0xff,0x37,
    0xf7,0x6d,0xf6,0x2d,0xee,0x6d,0xf6,0x8c,0xdd,0x6b,0xd5,0x8e,0xf6,0x2d,0xee,0xae,
    0xfe,0x6b,0xd5,0x8e,0xf6,0xae,0xfe,0x8e,0xf6,0x2d,0xee,0x0b,0xcd,0x88,0xa3,0xcf,
    0xa3,0xf8,0xd5,0x7d,0xf7,0xff,0xff,0x7f,0xff,0xff,0x51,0xff,0xff,0xa0,0x7d,0xf7,
    0x14,0xc5,0xe7,0x81,0xcc,0xdd,0x6d,0xfe,0x6d,0xfe,0x8e,0xf6,0x79,0xff,0xff,0xff,
    0xff,0xff,0xff,0xff,0xff,0xff,0x37,0xf7,0x6d,0xf6,0x2d,0xee,0x6d,0xf6,0x8c,0xdd,
    0x6b,0xd5,0x8e,0xf6,0x2d,0xee,0xae,0xfe,0x6b,0xd5,0x8e,0xf6,0xae,0xfe,0x8e,0xf6,
    0x2d,0xee,0x0b,0xcd,0x88,0xa3,0xcf,0xa3,0xf8,0xd5,0x7d,0xf7,0xff,0xff,0x7f,0xff,
    0xff,0x4f,0xff,0xff,0xa3,0x7d,0xf7,0x16,0xd6,0x4d,0x9b,0x24,0x71,0x22,0x7a,0xec,
    0xed,0x6d,0xfe,0x6d,0xfe,0xb0,0xfe,0x9c,0xff,0xff,0xff,0xff,0xff,0xbe,0xff,0x9a,
    0xff,0x91,0xf6,0x6d,0xfe,0x6d,0xf6,0x6d,0xf6,0x8d,0xf6,0x8d,0xfe,0x6d,0xfe,0x6d,
    0xfe,0x6d,0xfe,0x6d,0xf6,0x8d,0xf6,0x6d,0xf6,0x6d,0xfe,0x8d,0xf6,0x8d,0xfe,0x8e,
    0xf6,0xa6,0xa3,0x04,0x7a,0xcf,0xa3,0xfb,0xe6,0xff,0xff,0x7f,0xff,0xff,0x4d,0xff,
    0xff,0xa6,0xbe,0xff,0x0c,0x9b,0x04,0x7a,0x8b,0xbc,0x6b,0xd5,0x83,0x82,0x2d,0xe6,
    0x6d,0xfe,0x6d,0xfe,0x91,0xf6,0x9c,0xff,0xff,0xff,0xff,0xff,0xf4,0xf6,0x6e,0xfe,
    0x6d,0xfe,0x6d,0xf6,0x6d,0xf6,0x6d,0xfe,0x6d,0xf6,0x6d,0xf6,0x6d,0xf6,0x6d,0xf6,
    0x6d,0xfe,0x6d,0xf6,0x6d,0xf6,0x6d,0xf6,0x6d,0xf6,0x6d,0xfe,0x6d,0xfe,0x6d,0xf6,
    0xce,0xfe,0xcc,0xdd,0xa6,0xa3,0xc7,0x71,0x14,0xbd,0x5d,0xef,0xff,0xff,0x7f,0xff,
    0xff,0x4a,0xff,0xff,0xa8,0xfb,0xe6,0x50,0xac,0xc9,0xbc,0x2d,0xee,0xae,0xfe,0x2d,
    0xe6,0x83,0x82,0x6b,0xd5,0x6d,0xfe,0x6d,0xfe,0xb0,0xfe,0x9a,0xff,0xbe,0xff,0x79,
    0xff,0x6d,0xfe,0x6d,0xf6,0x6d,0xf6,0x6d,0xf6,0x6d,0xf6,0x6d,0xf6,0x6d,0xfe,0x6d,
    0xfe,0x6d,0xfe,0x6d,0xf6,0x6d,0xf6,0x6d,0xfe,0x6d,0xf6,0x6d,0xfe,0x6d,0xf6,0x6d,
    0xfe,0x6d,0xf6,0x6d,0xf6,0x6d,0xfe,0x8d,0xfe,0x8e,0xf6,0xab,0xd5,0x09,0x8b,0x8e,
    0x93,0xbe,0xff,0xff,0xff,0x7f,0xff,0xff,0x47,0xff,0xff,0xab,0xbe,0xff,0xd7,0xcd,
    0xcb,0x82,0x45,0x93,0x8d,0xf6,0x8d,0xf6,0x6d,0xfe,0x8d,0xf6,0x05,0x93,0x47,0xb4,
    0x6d,0xfe,0x6d,0xfe,0x6d,0xf6,0xf4,0xf6,0x34,0xff,0x8e,0xf6,0x6d,0xfe,0x6d,0xfe,
    0x6d,0xfe,0x6d,0xf6,0x6d,0xf6,0x6d,0xf6,0x6d,0xf6,0x6d,0xf6,0x6d,0xf6,0x6d,0xfe,
    0x6d,0xf6,0x6d,0xf6,0x6d,0xf6,0x6d,0xfe,0x6d,0xf6,0x8d,0xf6,0x6d,0xfe,0x6d,0xf6,
    0x6d,0xfe,0x6d,0xf6,0x6d,0xf6,0x8e,0xf6,0x6e,0xf6,0x08,0xb4,0xd7,0xcd,0xbe,0xff,
    0xff,0xff,0x7f,0xff,0xff,0x45,0xff,0xff,0xad,0xbe,0xff,0x55,0xbd,0x08,0x72,0x88,
    0xbc,0x6e,0xf6,0x6d,0xf6,0x6d,0xf6,0x6d,0xf6,0xae,0xfe,0xc9,0xbc,0xc4,0x8a,0x8d,
    0xf6,0x6d,0xfe,0x6d,0xf6,0x6d,0xf6,0x6d,0xf6,0x6d,0xf6,0x6d,0xfe,0x6d,0xfe,0x6d,
    0xf6,0x6d,0xfe,0x6d,0xf6,0x6d,0xfe,0x6d,0xfe,0x6d,0xf6,0x6d,0xfe,0x6d,0xf6,0x6d,
    0xfe,0x6d,0xf6,0x6d,0xf6,0x6d,0xf6,0x6d,0xfe,0x6d,0xfe,0x6d,0xf6,0x6d,0xfe,0x6d,
    0xf6,0x6d,0xfe,0x6d,0xf6,0x6d,0xf6,0x8d,0xf6,0x8e,0xf6,0x08,0x72,0x55,0xc5,0xbe,
    0xff,0xff,0xff,0x7f,0xff,0xff,0x43,0xff,0xff,0xaf,0x1c,0xef,0x10,0xac,0xc4,0x8a,
    0xab,0xd5,0xae,0xfe,0x8d,0xfe,0x6d,0xf6,0x6d,0xf6,0x6d,0xf6,0x6d,0xfe,0x0c,0xe6,
    0x65,0x9b,0x8d,0xfe,0x6d,0xfe,0x6d,0xf6,0x6d,0xf6,0x6d,0xfe,0x6d,0xf6,0x6d,0xf6,
    0x6d,0xf6,0x6d,0xfe,0x6d,0xf6,0x6d,0xf6,0x6d,0xf6,0x6d,0xf6,0x6d,0xf6,0x6d,0xf6,
    0x6d,0xfe,0x6d,0xf6,0x6d,0xf6,0x6d,0xfe,0x6d,0xfe,0x6d,0xf6,0x6d,0xf6,0x6d,0xf6,
    0x6d,0xf6,0x6d,0xf6,0x6d,0xf6,0x6d,0xfe,0x6d,0xfe,0x8d,0xf6,0x8d,0xf6,0x6b,0xd5,
    0x04,0x7a,0x14,0xc5,0xbe,0xff,0xff,0xff,0x7f,0xff,0xff,0x42,0xff,0xff,0xaf,0x1c,
    0xef,0x10,0xac,0xc4,0x8a,0xab,0xd5,0xae,0xfe,0x8d,0xfe,0x6d,0xf6,0x6d,0xf6,0x6d,
    0xf6,0x6d,0xfe,0x0c,0xe6,0x65,0x9b,0x8d,0xfe,0x6d,0xfe,0x6d,0xf6,0x6d,0xf6,0x6d,
    0xfe,0x6d,0xf6,0x6d,0xf6,0x6d,0xf6,0x6d,0xfe,0x6d,0xf6,0x6d,0xf6,0x6d,0xf6,0x6d,
    0xf6,0x6d,0xf6,0x6d,0xf6,0x6d,0xfe,0x6d,0xf6,0x6d,0xf6,0x6d,0xfe,0x6d,0xfe,0x6d,
    0xf6,0x6d,0xf6,0x6d,0xf6,0x6d,0xf6,0x6d,0xf6,0x6d,0xf6,0x6d,0xfe,0x6d,0xfe,0x8d,
    0xf6,0x8d,0xf6,0x6b,0xd5,0x04,0x7a,0x14,0xc5,0xbe,0xff,0xff,0xff,0x7f,0xff,0xff,
    0x42,0xff,0xff,0xb0,0x4d,0x9b,0x45,0x93,0x2d,0xe6,0x8d,0xfe,0x6d,0xf6,0x6d,0xfe,
    0x6d,0xf6,0x6d,0xfe,0x6d,0xfe,0x6d,0xf6,0x8d,0xf6,0x6d,0xf6,0x6d,0xfe,0x6d,0xfe,
    0x6d,0xf6,0x6d,0xf6,0x6d,0xf6,0x6d,0xfe,0x6d,0xf6,0x6d,0xfe,0x6d,0xf6,0x6d,0xf6,
    0x6d,0xf6,0x6d,0xf6,0x6d,0xfe,0x6d,0xfe,0x6d,0xfe,0x6d,0xf6,0x6d,0xfe,0x6d,0xf6,
    0x6d,0xfe,0x6d,0xfe,0x6d,0xf6,0x6d,0xf6,0x6d,0xf6,0x6d,0xf6,0x6d,0xfe,0x6d,0xf6,
    0x6d,0xf6,0x6d,0xfe,0x6d,0xf6,0x6d,0xfe,0x8d,0xfe,0xcc,0xdd,0x08,0x7a,0x55,0xbd,
    0xbe,0xff,0xff,0xff,0x7f,0xff,0xff,0x40,0xff,0xff,0xb1,0x1c,0xef,0x27,0x9b,0x2d,
    0xee,0x8d,0xfe,0x6d,0xf6,0x8d,0xfe,0x6d,0xf6,0x6d,0xf6,0x6d,0xfe,0x6d,0xfe,0x6d,
    0xf6,0x6d,0xf6,0x6d,0xfe,0x6d,0xfe,0x6d,0xf6,0x6d,0xfe,0x6d,0xfe,0x6d,0xfe,0x6d,
    0xf6,0x6d,0xf6,0x6d,0xf6,0x6d,0xf6,0x6d,0xfe,0x6d,0xf6,0x6d,0xf6,0x6d,0xfe,0x6d,
    0xf6,0x6d,0xfe,0x6d,0xf6,0x6d,0xfe,0x6d,0xfe,0x6d,0xf6,0x6d,0xf6,0x6d,0xf6,0x6d,
    0xf6,0x6d,0xfe,0x6d,0xf6,0x6d,0xf6,0x6d,0xf6,0x6d,0xf6,0x6d,0xfe,0x6d,0xf6,0x6d,
    0xfe,0x6d,0xfe,0xae,0xfe,0xc9,0xc4,0x49,0x7a,0xd7,0xcd,0xff,0xff,0x7f,0xff,0xff,
    0x3f,0xff,0xff,0xb3,0x5d,0xef,0x10,0xa4,0x2d,0xee,0x8d,0xf6,0x6d,0xf6,0x6d,0xfe,
    0x6d,0xfe,0x6d,0xf6,0x6d,0xf6,0x6d,0xf6,0x6d,0xf6,0x6d,0xfe,0x6d,0xf6,0x6d,0xfe,
    0x6d,0xf6,0x6d,0xf6,0x6d,0xf6,0x6d,0xfe,0x6d,0xfe,0x6d,0xf6,0x6d,0xfe,0x6d,0xf6,
    0x6d,0xf6,0x6d,0xf6,0x6d,0xfe,0x6d,0xfe,0x6d,0xf6,0x6d,0xf6,0x6d,0xf6,0x6d,0xfe,
    0x6d,0xf6,0x6d,0xf6,0x6d,0xf6,0x6d,0xf6,0x6d,0xfe,0x6d,0xfe,0x6d,0xfe,0x6d,0xfe,
    0x6d,0xf6,0x6d,0xf6,0x6d,0xf6,0x6d,0xf6,0x6d,0xf6,0x6d,0xf6,0x6d,0xfe,0x6d,0xfe,
    0x8e,0xf6,0xc9,0xbc,0x8a,0x7a,0x59,0xd6,0xff,0xff,0x7f,0xff,0xff,0x3d,0xff,0xff,
    0xb4,0x7d,0xf7,0x10,0xa4,0xc4,0x8a,0x8d,0xfe,0x6d,0xfe,0x6d,0xf6,0x6d,0xfe,0x6d,
    0xf6,0x6d,0xfe,0x6d,0xf6,0x6d,0xf6,0x6d,0xf6,0x6d,0xfe,0x6d,0xf6,0x6d,0xf6,0x6d,
    0xfe,0x6d,0xf6,0x6d,0xf6,0x6d,0xf6,0x6d,0xf6,0x6d,0xf6,0x6d,0xfe,0x6d,0xf6,0x6d,
    0xf6,0x6d,0xf6,0x6d,0xf6,0x6d,0xfe,0x6d,0xf6,0x6d,0xf6,0x6d,0xf6,0x6d,0xf6,0x6d,
    0xfe,0x6d,0xf6,0x6d,0xf6,0x6d,0xf6,0x6d,0xf6,0x6d,0xf6,0x6d,0xfe,0x6d,0xfe,0x6d,
    0xf6,0x6d,0xfe,0x6d,0xfe,0x6d,0xfe,0x6d,0xf6,0x6d,0xf6,0x6d,0xf6,0x6d,0xf6,0x8d,
    0xfe,0x8e,0xf6,0x47,0xb4,0xcb,0x82,0xff,0xff,0x7f,0xff,0xff,0x3d,0xff,0xff,0xb5,
    0xd3,0xbc,0x83,0x82,0x0c,0xe6,0x8d,0xf6,0x6d,0xf6,0x6d,0xfe,0x6d,0xf6,0x6d,0xf6,
    0x6d,0xfe,0x6d,0xfe,0x6d,0xfe,0x6d,0xf6,0x6d,0xfe,0x6d,0xf6,0x6d,0xf6,0x6d,0xf6,
    0x6d,0xf6,0x6d,0xfe,0x6d,0xfe,0x6d,0xf6,0x6d,0xf6,0x6d,0xf6,0x6d,0xf6,0x6d,0xfe,
    0x6d,0xfe,0x6d,0xfe,0x6d,0xfe,0x6d,0xf6,0x6d,0xf6,0x6d,0xf6,0x6d,0xf6,0x6d,0xfe,
    0x6d,0xf6,0x6d,0xfe,0x6d,0xfe,0x6d,0xfe,0x6d,0xfe,0x6d,0xfe,0x6d,0xf6,0x6d,0xf6,
    0x6d,0xf6,0x6d,0xf6,0x6d,0xf6,0x6d,0xf6,0x6d,0xfe,0x6d,0xf6,0x6d,0xf6,0x6d,0xf6,
    0x6d,0xf6,0x8e,0xf6,0x65,0x9b,0xbe,0xff,0xff,0xff,0x7f,0xff,0xff,0x3b,0xff,0xff,
    0xb6,0x9a,0xe6,0x86,0x69,0x4b,0xd5,0xce,0xf6,0x8d,0xf6,0x6d,0xfe,0x6d,0xfe,0x6d,
    0xf6,0x6d,0xf6,0x6d,0xfe,0x6d,0xf6,0x6d,0xf6,0x6d,0xf6,0x6d,0xf6,0x6d,0xf6,0x6d,
    0xfe,0x6d,0xf6,0x6d,0xf6,0x6d,0xf6,0x6d,0xfe,0x6d,0xf6,0x6d,0xfe,0x6d,0xf6,0x6d,
    0xfe,0x6d,0xf6,0x6d,0xf6,0x6d,0xf6,0x6d,0xfe,0x6d,0xf6,0x6d,0xf6,0x6d,0xf6,0x6d,
    0xf6,0x6d,0xfe,0x6d,0xfe,0x6d,0xf6,0x6d,0xf6,0x6d,0xf6,0x6d,0xfe,0x8d,0xfe,0x8d,
    0xfe,0x6d,0xfe,0x6d,0xf6,0x6d,0xf6,0x6d,0xf6,0x6d,0xf6,0x6d,0xfe,0x6d,0xf6,0x6d,
    0xfe,0x6d,0xf6,0x6d,0xf6,0x8d,0xf6,0xcc,0xdd,0x18,0xd6,0xff,0xff,0x7f,0xff,0xff,
    0x3b,0xff,0xff,0xb6,0x9a,0xe6,0x86,0x69,0x4b,0xd5,0xce,0xf6,0x8d,0xf6,0x6d,0xfe,
    0x6d,0xfe,0x6d,0xf6,0x6d,0xf6,0x6d,0xfe,0x6d,0xf6,0x6d,0xf6,0x6d,0xf6,0x6d,0xf6,
    0x6d,0xf6,0x6d,0xfe,0x6d,0xf6,0x6d,0xf6,0x6d,0xf6,0x6d,0xfe,0x6d,0xf6,0x6d,0xfe,
    0x6d,0xf6,0x6d,0xfe,0x6d,0xf6,0x6d,0xf6,0x6d,0xf6,0x6d,0xfe,0x6d,0xf6,0x6d,0xf6,
    0x6d,0xf6,0x6d,0xf6,0x6d,0xfe,0x6d,0xfe,0x6d,0xf6,0x6d,0xf6,0x6d,0xf6,0x6d,0xfe,
    0x8d,0xfe,0x8d,0xfe,0x6d,0xfe,0x6d,0xf6,0x6d,0xf6,0x6d,0xf6,0x6d,0xf6,0x6d,0xfe,
    0x6d,0xf6,0x6d,0xfe,0x6d,0xf6,0x6d,0xf6,0x8d,0xf6,0xcc,0xdd,0x18,0xd6,0xff,0xff,
    0x7f,0xff,0xff,0x3a,0xff,0xff,0xb8,0x1c,0xef,0xce,0x9b,0x8b,0xbc,0x8e,0xf6,0x6d,
    0xf6,0x6d,0xf6,0x6d,0xf6,0x6d,0xf6,0x6d,0xf6,0x6d,0xf6,0x6d,0xfe,0x6d,0xfe,0x6d,
    0xf6,0x6d,0xfe,0x6d,0xf6,0x6d,0xf6,0x6d,0xf6,0x6d,0xf6,0x6d,0xf6,0x6d,0xf6,0x6d,
    0xf6,0x6d,0xf6,0x6d,0xfe,0x6d,0xfe,0x6d,0xfe,0x6d,0xf6,0x6d,0xf6,0x6d,0xf6,0x6d,
    0xf6,0x6d,0xfe,0x6d,0xf6,0x6d,0xf6,0x6d,0xfe,0x6d,0xf6,0x6d,0xf6,0x6d,0xf6,0x6d,
    0xf6,0x6d,0xf6,0x6d,0xf6,0x4b,0xd5,0x4b,0xd5,0x8d,0xf6,0x8d,0xfe,0x8d,0xfe,0x6d,
    0xfe,0x6d,0xf6,0x6d,0xf6,0x6d,0xf6,0x6d,0xf6,0x6d,0xf6,0x6d,0xf6,0x8d,0xf6,0xae,
    0xfe,0x4c,0x8b,0x1c,0xef,0xff,0xff,0x7f,0xff,0xff,0x39,0xff,0xff,0xb9,0x55,0xbd,
    0x45,0x8a,0x8e,0xf6,0x8d,0xf6,0x6d,0xf6,0x6d,0xf6,0x6d,0xfe,0x6d,0xfe,0x6d,0xf6,
    0x6d,0xf6,0x6d,0xf6,0x6d,0xf6,0x6d,0xf6,0x6d,0xf6,0x6d,0xfe,0x6d,0xf6,0x6d,0xfe,
    0x6d,0xf6,0x6d,0xf6,0x6d,0xf6,0x6d,0xf6,0x6d,0xf6,0x6d,0xf6,0x6d,0xfe,0x6d,0xf6,
    0x6d,0xfe,0x6d,0xf6,0x6d,0xf6,0x6d,0xf6,0x6d,0xf6,0x6d,0xf6,0x6d,0xf6,0x6d,0xf6,
    0x6d,0xfe,0x6d,0xfe,0x6d,0xf6,0x6d,0xf6,0x6d,0xfe,0x0c,0xe6,0x22,0x7a,0x01,0x59,
    0x65,0x9b,0xc9,0xc4,0x0c,0xe6,0xae,0xfe,0x8d,0xf6,0x6d,0xf6,0x6d,0xf6,0x6d,0xfe,
    0x6d,0xfe,0x6d,0xfe,0x6d,0xf6,0x8d,0xf6,0x83,0x82,0x14,0xbd,0xbe,0xff,0xff,0xff,
    0x7f,0xff,0xff,0x37,0xff,0xff,0xba,0xfb,0xe6,0x8a,0x7a,0xcc,0xcc,0x8d,0xfe,0x6d,
    0xfe,0x6d,0xfe,0x6d,0xfe,0x6d,0xf6,0x6d,0xf6,0x6d,0xfe,0x6d,0xfe,0x6d,0xf6,0x6d,
    0xfe,0x6d,0xfe,0x6d,0xf6,0x6d,0xf6,0x6d,0xf6,0x6d,0xf6,0x6d,0xf6,0x6d,0xf6,0x6d,
    0xf6,0x6d,0xfe,0x6d,0xfe,0x6d,0xfe,0x6d,0xf6,0x6d,0xf6,0x6d,0xfe,0x6d,0xfe,0x6d,
    0xfe,0x6d,0xfe,0x6d,0xf6,0x6d,0xfe,0x6d,0xf6,0x6d,0xf6,0x6d,0xfe,0x6d,0xf6,0x6d,
    0xfe,0x6d,0xfe,0x8d,0xfe,0x0b,0xcd,0x03,0x69,0xa2,0x60,0x41,0x60,0x41,0x60,0xa3,
    0x69,0x65,0x9b,0xab,0xd5,0x8d,0xf6,0x6d,0xf6,0x8d,0xf6,0x6d,0xf6,0x6d,0xfe,0x8d,
    0xf6,0x8d,0xf6,0x0b,0xcd,0x89,0x82,0x9a,0xe6,0xff,0xff,0x7f,0xff,0xff,0x37,0xff,
    0xff,0xbb,0x92,0xac,0x65,0x9b,0x8e,0xf6,0x6d,0xfe,0x6d,0xf6,0x6d,0xf6,0x6d,0xf6,
    0x6d,0xf6,0x6d,0xf6,0x6d,0xf6,0x6d,0xf6,0x6d,0xfe,0x6d,0xfe,0x6d,0xf6,0x6d,0xf6,
    0x6d,0xf6,0x6d,0xf6,0x6d,0xf6,0x6d,0xfe,0x6d,0xfe,0x6d,0xf6,0x6d,0xf6,0x6d,0xf6,
    0x6d,0xfe,0x6d,0xfe,0x6d,0xf6,0x6d,0xfe,0x6d,0xfe,0x6d,0xfe,0x6d,0xfe,0x6d,0xf6,
    0x6d,0xf6,0x6d,0xf6,0x6d,0xf6,0x6d,0xfe,0x6d,0xfe,0x6d,0xfe,0x6d,0xfe,0xae,0xfe,
    0x08,0xb4,0xa2,0x60,0xc3,0x60,0xa2,0x60,0xa2,0x60,0xa2,0x60,0xc1,0x58,0x42,0x61,
    0x65,0x9b,0x8e,0xf6,0x6d,0xfe,0x6d,0xf6,0x6d,0xfe,0x6d,0xf6,0x6d,0xf6,0x8d,0xf6,
    0x65,0x9b,0xd3,0xbc,0xbf,0xf7,0xff,0xff,0x7f,0xff,0xff,0x36,0xff,0xff,0xbb,0x89,
    0x82,0x8c,0xdd,0x8d,0xfe,0x6d,0xf6,0x6d,0xfe,0x6d,0xf6,0x6d,0xf6,0x6d,0xf6,0x6d,
    0xfe,0x6d,0xf6,0x6d,0xfe,0x6d,0xf6,0x6d,0xf6,0x6d,0xf6,0x6d,0xf6,0x6d,0xfe,0x6d,
    0xf6,0x6d,0xf6,0x6d,0xfe,0x6d,0xf6,0x6d,0xfe,0x6d,0xfe,0x6d,0xfe,0x6d,0xf6,0x6d,
    0xf6,0x6d,0xf6,0x6d,0xfe,0x6d,0xfe,0x6d,0xf6,0x6d,0xf6,0x6d,0xfe,0x6d,0xf6,0x6d,
    0xf6,0x6d,0xf6,0x6d,0xfe,0x6d,0xfe,0x6d,0xfe,0x6d,0xf6,0x6d,0xf6,0xc4,0x8a,0x41,
    0x60,0xa2,0x60,0x41,0x60,0xa2,0x60,0xc3,0x60,0xa2,0x60,0xa2,0x60,0x41,0x60,0x08,
    0xb4,0x6d,0xf6,0x6d,0xfe,0x6d,0xf6,0x6d,0xfe,0x6d,0xfe,0x8d,0xfe,0x6b,0xd5,0x89,
    0x82,0x1c,0xef,0xff,0xff,0x7f,0xff,0xff,0x36,0xff,0xff,0xbb,0x46,0xa3,0x8e,0xf6,
    0x6d,0xfe,0x6d,0xf6,0x6d,0xf6,0x6d,0xf6,0x6d,0xf6,0x6d,0xf6,0x6d,0xf6,0x6d,0xfe,
    0x6d,0xfe,0x6d,0xfe,0x6d,0xf6,0x6d,0xf6,0x6d,0xfe,0x6d,0xf6,0x6d,0xf6,0x6d,0xfe,
    0x6d,0xf6,0x6d,0xf6,0x6d,0xfe,0x6d,0xf6,0x6d,0xf6,0x6d,0xfe,0x6d,0xf6,0x6d,0xfe,
    0x6d,0xf6,0x6d,0xf6,0x6d,0xf6,0x6d,0xf6,0x6d,0xf6,0x6d,0xfe,0x6d,0xf6,0x6d,0xfe,
    0x6d,0xf6,0x6d,0xfe,0x6d,0xfe,0x6d,0xfe,0x6d,0xf6,0x0b,0xcd,0x08,0xb4,0x45,0x93,
    0x82,0x71,0x03,0x69,0x41,0x60,0x81,0x68,0xa2,0x60,0xa2,0x60,0x01,0x59,0xa6,0xa3,
    0x6d,0xf6,0x6d,0xfe,0x6d,0xf6,0x6d,0xfe,0x6d,0xf6,0x8d,0xf6,0xc4,0x8a,0x55,0xc5,
    0xff,0xff,0x7f,0xff,0xff,0x36,0xff,0xff,0xbb,0x46,0xa3,0x8e,0xf6,0x6d,0xfe,0x6d,
    0xf6,0x6d,0xf6,0x6d,0xf6,0x6d,0xf6,0x6d,0xf6,0x6d,0xf6,0x6d,0xfe,0x6d,0xfe,0x6d,
    0xfe,0x6d,0xf6,0x6d,0xf6,0x6d,0xfe,0x6d,0xf6,0x6d,0xf6,0x6d,0xfe,0x6d,0xf6,0x6d,
    0xf6,0x6d,0xfe,0x6d,0xf6,0x6d,0xf6,0x6d,0xfe,0x6d,0xf6,0x6d,0xfe,0x6d,0xf6,0x6d,
    0xf6,0x6d,0xf6,0x6d,0xf6,0x6d,0xf6,0x6d,0xfe,0x6d,0xf6,0x6d,0xfe,0x6d,0xf6,0x6d,
    0xfe,0x6d,0xfe,0x6d,0xfe,0x6d,0xf6,0x0b,0xcd,0x08,0xb4,0x45,0x93,0x82,0x71,0x03,
    0x69,0x41,0x60,0x81,0x68,0xa2,0x60,0xa2,0x60,0x01,0x59,0xa6,0xa3,0x6d,0xf6,0x6d,
    0xfe,0x6d,0xf6,0x6d,0xfe,0x6d,0xf6,0x8d,0xf6,0xc4,0x8a,0x55,0xc5,0xff,0xff,0x7f,
    0xff,0xff,0x35,0xff,0xff,0xbd,0x7d,0xf7,0x0b,0xcd,0xae,0xfe,0x6e,0xfe,0x6d,0xfe,
    0x6d,0xf6,0x6d,0xf6,0x6d,0xf6,0x6d,0xf6,0x6d,0xf6,0x6d,0xfe,0x6d,0xf6,0x6d,0xf6,
    0x6d,0xf6,0x6d,0xf6,0x6d,0xf6,0x6d,0xfe,0x6d,0xfe,0x6d,0xfe,0x6d,0xfe,0x6d,0xf6,
    0x6d,0xf6,0x6d,0xf6,0x6d,0xf6,0x6d,0xf6,0x6d,0xfe,0x6d,0xfe,0x6d,0xfe,0x6d,0xf6,
    0x6d,0xfe,0x6d,0xfe,0x6d,0xfe,0x6d,0xfe,0x6d,0xfe,0x6d,0xfe,0x6d,0xf6,0x6d,0xf6,
    0x6d,0xf6,0x6d,0xf6,0x6d,0xf6,0x8d,0xfe,0xae,0xfe,0x8e,0xf6,0x2d,0xe6,0x6b,0xd5,
    0xc9,0xbc,0x46,0xa3,0x22,0x7a,0x42,0x61,0x61,0x58,0x81,0x58,0xc9,0xc4,0x6d,0xf6,
    0x6d,0xfe,0x6d,0xf6,0x6d,0xf6,0x8d,0xf6,0xc9,0xbc,0x4d,0x9b,0x5d,0xef,0xff,0xff,
    0x7f,0xff,0xff,0x34,0xff,0xff,0xbd,0x18,0xd6,0x6e,0xf6,0x8d,0xf6,0x6d,0xf6,0x6d,
    0xf6,0x6d,0xfe,0x6d,0xf6,0x6d,0xf6,0x6d,0xf6,0x6d,0xf6,0x6d,0xf6,0x6d,0xf6,0x6d,
    0xfe,0x6d,0xfe,0x6d,0xf6,0x6d,0xf6,0x6d,0xfe,0x6d,0xfe,0x6d,0xf6,0x6d,0xfe,0x6d,
    0xfe,0x6d,0xfe,0x6d,0xfe,0x6d,0xfe,0x6d,0xf6,0x6d,0xfe,0x6d,0xfe,0x6d,0xf6,0x6d,
    0xf6,0x6d,0xf6,0x6d,0xf6,0x6d,0xfe,0x6d,0xf6,0x6d,0xfe,0x6d,0xfe,0x6d,0xf6,0x6d,
    0xf6,0x6d,0xfe,0x6d,0xfe,0x6d,0xf6,0x6d,0xfe,0x6d,0xfe,0x6d,0xf6,0x6d,0xf6,0x8d,
    0xfe,0xae,0xfe,0xae,0xfe,0x6d,0xf6,0x2d,0xe6,0x47,0xb4,0xc4,0x8a,0x27,0x9b,0x6d,
    0xf6,0x6d,0xf6,0x6d,0xf6,0x6d,0xf6,0x6d,0xfe,0x2d,0xee,0x83,0x71,0x18,0xd6,0xff,
    0xff,0x7f,0xff,0xff,0x33,0xff,0xff,0xbf,0xbe,0xff,0x10,0xa4,0x8d,0xf6,0x8d,0xf6,
    0x6d,0xf6,0x6d,0xfe,0x6d,0xfe,0x6d,0xfe,0x6d,0xfe,0x6d,0xf6,0x6d,0xfe,0x6d,0xf6,
    0x6d,0xfe,0x6d,0xf6,0x6d,0xf6,0x6d,0xf6,0x6d,0xf6,0x6d,0xf6,0x6d,0xfe,0x6d,0xfe,
    0x6d,0xf6,0x6d,0xfe,0x6d,0xfe,0x6d,0xfe,0x6d,0xf6,0x6d,0xfe,0x6d,0xfe,0x6d,0xfe,
    0x6d,0xf6,0x6d,0xf6,0x6d,0xf6,0x6d,0xf6,0x6d,0xf6,0x6d,0xfe,0x6d,0xf6,0x6d,0xf6,
    0x6d,0xfe,0x6d,0xfe,0x6d,0xf6,0x6d,0xfe,0x6d,0xf6,0x6d,0xfe,0x6d,0xfe,0x6d,0xfe,
    0x6d,0xfe,0x6d,0xfe,0x6d,0xfe,0x6d,0xf6,0x8d,0xfe,0x8d,0xfe,0x8d,0xf6,0x6d,0xf6,
    0x2d,0xee,0x6d,0xf6,0x6d,0xf6,0x6d,0xfe,0x6d,0xfe,0x6d,0xfe,0x8d,0xfe,0x88,0xa3,
    0x92,0xac,0xbe,0xff,0xff,0xff,0x7f,0xff,0xff,0x32,0xff,0xff,0xbf,0x1c,0xef,0x8a,
    0x7a,0x8d,0xfe,0x6d,0xf6,0x6d,0xf6,0x6d,0xfe,0x6d,0xfe,0x6d,0xfe,0x6d,0xfe,0x6d,
    0xf6,0x6d,0xf6,0x6d,0xf6,0x6d,0xf6,0x6d,0xf6,0x6d,0xfe,0x6d,0xfe,0x6d,0xf6,0x6d,
    0xfe,0x6d,0xf6,0x6d,0xf6,0x6d,0xfe,0x6d,0xfe,0x6d,0xfe,0x6d,0xfe,0x6d,0xf6,0x6d,
    0xfe,0x6d,0xfe,0x6d,0xf6,0x6d,0xfe,0x6d,0xfe,0x6d,0xfe,0x6d,0xfe,0x6d,0xf6,0x6d,
    0xf6,0x6d,0xf6,0x6d,0xf6,0x6d,0xfe,0x6d,0xfe,0x6d,0xf6,0x6d,0xfe,0x6d,0xf6,0x6d,
    0xf6,0x6d,0xf6,0x6d,0xfe,0x6d,0xf6,0x6d,0xfe,0x6d,0xfe,0x6d,0xfe,0x6d,0xfe,0x6d,
    0xfe,0x6d,0xf6,0x8d,0xf6,0x8d,0xf6,0x6d,0xf6,0x6d,0xf6,0x6d,0xf6,0x6d,0xfe,0x6d,
    0xfe,0x8d,0xfe,0x0b,0xcd,0x8a,0x7a,0x1c,0xef,0xff,0xff,0x7f,0xff,0xff,0x32,0xff,
    0xff,0xbf,0x59,0xde,0x83,0x71,0x8d,0xfe,0x6d,0xfe,0x6d,0xfe,0x6d,0xf6,0x6d,0xf6,
    0x6d,0xf6,0x6d,0xf6,0x6d,0xf6,0x6d,0xfe,0x6d,0xfe,0x6d,0xf6,0x6d,0xf6,0x6d,0xf6,
    0x6d,0xfe,0x6d,0xfe,0x6d,0xf6,0x6d,0xf6,0x6d,0xfe,0x6d,0xfe,0x6d,0xf6,0x6d,0xfe,
    0x6d,0xf6,0x6d,0xf6,0x6d,0xfe,0x6d,0xf6,0x6d,0xf6,0x6d,0xfe,0x6d,0xf6,0x6d,0xf6,
    0x6d,0xf6,0x6d,0xf6,0x6d,0xf6,0x6d,0xf6,0x6d,0xfe,0x6d,0xf6,0x6d,0xf6,0x6d,0xf6,
    0x6d,0xfe,0x6d,0xf6,0x6d,0xf6,0x6d,0xfe,0x6d,0xf6,0x6d,0xf6,0x6d,0xf6,0x6d,0xf6,
    0x6d,0xfe,0x6d,0xfe,0x6d,0xfe,0x6d,0xf6,0x6d,0xfe,0x8d,0xf6,0x6d,0xf6,0x6d,0xf6,
    0x6d,0xf6,0x6d,0xf6,0x6d,0xfe,0x6d,0xfe,0x2d,0xee,0x04,0x7a,0xf8,0xd5,0xff,0xff,
    0x7f,0xff,0xff,0x31,0xff,0xff,0xc0,0xbe,0xff,0x14,0xc5,0x84,0x8a,0x6d,0xfe,0x6d,
    0xfe,0x6d,0xf6,0x6d,0xf6,0x6d,0xf6,0x6d,0xf6,0x6d,0xf6,0x6d,0xf6,0x6d,0xfe,0x6d,
    0xf6,0x6d,0xf6,0x6d,0xf6,0x6d,0xf6,0x6d,0xf6,0x6d,0xf6,0x6d,0xf6,0x6d,0xf6,0x6d,
    0xf6,0x6d,0xf6,0x6d,0xf6,0x6d,0xfe,0x6d,0xfe,0x6d,0xf6,0x6d,0xfe,0x6d,0xf6,0x6d,
    0xf6,0x6d,0xfe,0x6d,0xfe,0x6d,0xf6,0x6d,0xf6,0x6d,0xfe,0x6d,0xfe,0x6d,0xfe,0x6d,
    0xf6,0x6d,0xfe,0x6d,0xfe,0x6d,0xf6,0x6d,0xf6,0x6d,0xfe,0x6d,0xfe,0x6d,0xfe,0x6d,
    0xf6,0x6d,0xf6,0x6d,0xf6,0x8d,0xfe,0xce,0xf6,0x8d,0xf6,0x6d,0xf6,0x6d,0xf6,0x6d,
    0xfe,0x6d,0xfe,0x6d,0xf6,0x6d,0xf6,0x6d,0xfe,0x8d,0xfe,0x6d,0xf6,0x6d,0xfe,0x8e,
    0xf6,0xa6,0xa3,0x92,0xac,0xff,0xff,0x7f,0xff,0xff,0x31,0xff,0xff,0xc0,0xbe,0xff,
    0x14,0xc5,0x84,0x8a,0x6d,0xfe,0x6d,0xfe,0x6d,0xf6,0x6d,0xf6,0x6d,0xf6,0x6d,0xf6,
    0x6d,0xf6,0x6d,0xf6,0x6d,0xfe,0x6d,0xf6,0x6d,0xf6,0x6d,0xf6,0x6d,0xf6,0x6d,0xf6,
    0x6d,0xf6,0x6d,0xf6,0x6d,0xf6,0x6d,0xf6,0x6d,0xf6,0x6d,0xf6,0x6d,0xfe,0x6d,0xfe,
    0x6d,0xf6,0x6d,0xfe,0x6d,0xf6,0x6d,0xf6,0x6d,0xfe,0x6d,0xfe,0x6d,0xf6,0x6d,0xf6,
    0x6d,0xfe,0x6d,0xfe,0x6d,0xfe,0x6d,0xf6,0x6d,0xfe,0x6d,0xfe,0x6d,0xf6,0x6d,0xf6,
    0x6d,0xfe,0x6d,0xfe,0x6d,0xfe,0x6d,0xf6,0x6d,0xf6,0x6d,0xf6,0x8d,0xfe,0xce,0xf6,
    0x8d,0xf6,0x6d,0xf6,0x6d,0xf6,0x6d,0xfe,0x6d,0xfe,0x6d,0xf6,0x6d,0xf6,0x6d,0xfe,
    0x8d,0xfe,0x6d,0xf6,0x6d,0xfe,0x8e,0xf6,0xa6,0xa3,0x92,0xac,0xff,0xff,0x7f,0xff,
    0xff,0x31,0xff,0xff,0xc0,0xbe,0xff,0x10,0xac,0xc8,0xab,0x6d,0xf6,0x6d,0xfe,0x6d,
    0xfe,0x6d,0xf6,0x6d,0xfe,0x6d,0xfe,0x6d,0xfe,0x6d,0xf6,0x6d,0xf6,0x6d,0xf6,0x6d,
    0xf6,0x6d,0xfe,0x6d,0xfe,0x6d,0xfe,0x6d,0xf6,0x6d,0xfe,0x6d,0xfe,0x6d,0xfe,0x6d,
    0xf6,0x6d,0xf6,0x6d,0xf6,0x6d,0xf6,0x6d,0xf6,0x6d,0xfe,0x6d,0xfe,0x6d,0xfe,0x6d,
    0xf6,0x6d,0xf6,0x6d,0xf6,0x6d,0xfe,0x6d,0xf6,0x6d,0xf6,0x6d,0xf6,0x6d,0xfe,0x6d,
    0xf6,0x6d,0xf6,0x6d,0xf6,0x6d,0xfe,0x6d,0xf6,0x6d,0xf6,0x6d,0xfe,0x6d,0xf6,0x8d,
    0xfe,0x2d,0xee,0x4b,0xd5,0xc9,0xc4,0xcc,0xdd,0x8d,0xf6,0x6d,0xfe,0x6d,0xfe,0x6d,
    0xfe,0x6d,0xfe,0x6d,0xfe,0x6d,0xfe,0x6d,0xf6,0x6d,0xf6,0x6d,0xf6,0xae,0xfe,0x0b,
    0xcd,0x8e,0x93,0xff,0xff,0x7f,0xff,0xff,0x31,0xff,0xff,0xc0,0x7d,0xf7,0x0c,0x9b,
    0xc9,0xc4,0x6d,0xfe,0x6d,0xfe,0x6d,0xf6,0x6d,0xfe,0x6d,0xfe,0x6d,0xfe,0x6d,0xfe,
    0x6d,0xf6,0x6d,0xf6,0x6d,0xf6,0x6d,0xfe,0x6d,0xf6,0x6d,0xfe,0x6d,0xf6,0x6d,0xfe,
    0x6d,0xf6,0x6d,0xf6,0x6d,0xf6,0x6d,0xf6,0x6d,0xf6,0x6d,0xf6,0x6d,0xf6,0x6d,0xfe,
    0x6d,0xf6,0x6d,0xfe,0x6d,0xf6,0x6d,0xf6,0x6d,0xfe,0x6d,0xfe,0x6d,0xfe,0x6d,0xfe,
    0x6d,0xf6,0x6d,0xf6,0x6d,0xf6,0x6d,0xf6,0x6d,0xf6,0x6d,0xf6,0x6d,0xf6,0x6d,0xf6,
    0x6d,0xfe,0x6d,0xf6,0x6d,0xf6,0x8c,0xdd,0x05,0x93,0x03,0x69,0xe2,0x60,0x02,0x72,
    0x88,0xbc,0x8d,0xfe,0x6d,0xfe,0x6d,0xfe,0x6d,0xf6,0x6d,0xf6,0x6d,0xf6,0x6d,0xfe,
    0x6d,0xf6,0x8d,0xf6,0x8d,0xf6,0x2d,0xe6,0x09,0x8b,0xff,0xff,0x7f,0xff,0xff,0x31,
    0xff,0xff,0xc0,0x1c,0xef,0x49,0x82,0x4b,0xdd,0x6d,0xfe,0x6d,0xfe,0x6d,0xfe,0x6d,
    0xf6,0x6d,0xfe,0x6d,0xfe,0x6d,0xf6,0x6d,0xf6,0x6d,0xf6,0x6d,0xf6,0x6d,0xf6,0x6d,
    0xf6,0x6d,0xf6,0x6d,0xfe,0x6d,0xf6,0x6d,0xfe,0x6d,0xf6,0x6d,0xf6,0x6d,0xf6,0x6d,
    0xf6,0x6d,0xf6,0x6d,0xfe,0x6d,0xfe,0x6d,0xf6,0x6d,0xfe,0x6d,0xf6,0x6d,0xf6,0x6d,
    0xf6,0x6d,0xfe,0x6d,0xf6,0x6d,0xfe,0x6d,0xf6,0x6d,0xf6,0x6d,0xf6,0x6d,0xf6,0x6d,
    0xf6,0x6d,0xfe,0x6d,0xf6,0x6d,0xf6,0x6d,0xf6,0x6d,0xf6,0x6d,0xf6,0xc4,0x8a,0x41,
    0x60,0xa2,0x60,0xa2,0x60,0x41,0x60,0x03,0x69,0x8d,0xfe,0x6d,0xf6,0x6d,0xf6,0x6d,
    0xf6,0x6d,0xf6,0x8d,0xf6,0x6d,0xf6,0x8d,0xf6,0x8d,0xf6,0x6d,0xfe,0x8e,0xf6,0x88,
    0xa3,0xff,0xff,0x7f,0xff,0xff,0x31,0xff,0xff,0xc1,0x9a,0xe6,0xe7,0x81,0xcc,0xdd,
    0x6d,0xfe,0x6d,0xfe,0x6d,0xfe,0x6d,0xf6,0x6d,0xf6,0x6d,0xf6,0x6d,0xfe,0x6d,0xf6,
    0x6d,0xf6,0x6d,0xf6,0x6d,0xfe,0x6d,0xf6,0x6d,0xf6,0x6d,0xf6,0x6d,0xf6,0x6d,0xf6,
    0x6d,0xf6,0x6d,0xf6,0x6d,0xf6,0x6d,0xf6,0x6d,0xfe,0x6d,0xfe,0x6d,0xfe,0x6d,0xf6,
    0x6d,0xfe,0x6d,0xf6,0x6d,0xfe,0x6d,0xfe,0x6d,0xf6,0x6d,0xf6,0x6d,0xfe,0x6d,0xfe,
    0x6d,0xf6,0x6d,0xf6,0x6d,0xfe,0x6d,0xf6,0x6d,0xf6,0x6d,0xfe,0x6d,0xf6,0x6d,0xfe,
    0x6d,0xf6,0x8d,0xf6,0x41,0x59,0x61,0x58,0xa3,0x69,0xc3,0x71,0xc3,0x60,0x81,0x58,
    0xae,0xfe,0x6d,0xf6,0x6d,0xf6,0x6d,0xfe,0x6d,0xf6,0x6d,0xf6,0x6d,0xfe,0x6d,0xfe,
    0x6d,0xf6,0x6d,0xfe,0xae,0xfe,0xc9,0xc4,0x7d,0xf7,0xff,0xff,0x7f,0xff,0xff,0x30,
    0xff,0xff,0xc1,0x59,0xd6,0x83,0x82,0x2d,0xee,0x6d,0xfe,0x6d,0xfe,0x6d,0xf6,0x6d,
    0xf6,0x6d,0xfe,0x6d,0xf6,0x6d,0xf6,0x6d,0xf6,0x6d,0xfe,0x6d,0xfe,0x6d,0xfe,0x6d,
    0xf6,0x6d,0xf6,0x6d,0xf6,0x6d,0xfe,0x6d,0xf6,0x6d,0xfe,0x6d,0xf6,0x6d,0xfe,0x6d,
    0xf6,0x6d,0xfe,0x6d,0xf6,0x6d,0xf6,0x6d,0xfe,0x6d,0xf6,0x6d,0xfe,0x6d,0xf6,0x6d,
    0xf6,0x6d,0xfe,0x6d,0xf6,0x6d,0xfe,0x6d,0xf6,0x6d,0xfe,0x6d,0xf6,0x6d,0xf6,0x6d,
    0xf6,0x6d,0xf6,0x6d,0xf6,0x6d,0xf6,0x6d,0xf6,0x6d,0xf6,0x6d,0xfe,0xc8,0xab,0x0b,
    0xcd,0x2d,0xe6,0x6d,0xf6,0x0c,0xe6,0x88,0xbc,0x8d,0xfe,0x6d,0xf6,0x8d,0xf6,0x8d,
    0xf6,0x8d,0xf6,0x6d,0xf6,0x8e,0xf6,0x91,0xf6,0xd1,0xf6,0xd1,0xf6,0x91,0xf6,0x0f,
    0xe6,0x16,0xd6,0xff,0xff,0x7f,0xff,0xff,0x30,0xff,0xff,0xc2,0x18,0xd6,0x83,0x82,
    0x6e,0xf6,0x6d,0xfe,0x6d,0xfe,0x6d,0xf6,0x6d,0xf6,0x6d,0xfe,0x6d,0xfe,0x6d,0xfe,
    0x6d,0xf6,0x6d,0xf6,0x6d,0xf6,0x6d,0xfe,0x6d,0xf6,0x6d,0xf6,0x6d,0xf6,0x6d,0xfe,
    0x6d,0xf6,0x6d,0xf6,0x6d,0xf6,0x6d,0xf6,0x6d,0xfe,0x6d,0xfe,0x6d,0xf6,0x6d,0xfe,
    0x6d,0xf6,0x6d,0xfe,0x6d,0xfe,0x6d,0xf6,0x6d,0xf6,0x6d,0xf6,0x6d,0xf6,0x6d,0xfe,
    0x6d,0xfe,0x6d,0xfe,0x6d,0xf6,0x6d,0xfe,0x6d,0xfe,0x6d,0xfe,0x6d,0xf6,0x6d,0xfe,
    0x6d,0xf6,0x6d,0xf6,0x6d,0xfe,0x8d,0xf6,0x8d,0xfe,0x8d,0xfe,0x8d,0xfe,0x8d,0xfe,
    0x6e,0xfe,0x6d,0xfe,0x6d,0xfe,0x6d,0xf6,0x8e,0xf6,0xd1,0xf6,0x37,0xf7,0x9c,0xff,
    0xdc,0xff,0xbe,0xff,0xdc,0xff,0x9c,0xff,0x39,0xf7,0x8e,0x9b,0xbe,0xff,0xff,0xff,
    0x7f,0xff,0xff,0x2f,0xff,0xff,0xc2,0x18,0xd6,0x83,0x82,0x6e,0xf6,0x6d,0xfe,0x6d,
    0xfe,0x6d,0xf6,0x6d,0xf6,0x6d,0xfe,0x6d,0xfe,0x6d,0xfe,0x6d,0xf6,0x6d,0xf6,0x6d,
    0xf6,0x6d,0xfe,0x6d,0xf6,0x6d,0xf6,0x6d,0xf6,0x6d,0xfe,0x6d,0xf6,0x6d,0xf6,0x6d,
    0xf6,0x6d,0xf6,0x6d,0xfe,0x6d,0xfe,0x6d,0xf6,0x6d,0xfe,0x6d,0xf6,0x6d,0xfe,0x6d,
    0xfe,0x6d,0xf6,0x6d,0xf6,0x6d,0xf6,0x6d,0xf6,0x6d,0xfe,0x6d,0xfe,0x6d,0xfe,0x6d,
    0xf6,0x6d,0xfe,0x6d,0xfe,0x6d,0xfe,0x6d,0xf6,0x6d,0xfe,0x6d,0xf6,0x6d,0xf6,0x6d,
    0xfe,0x8d,0xf6,0x8d,0xfe,0x8d,0xfe,0x8d,0xfe,0x8d,0xfe,0x6e,0xfe,0x6d,0xfe,0x6d,
    0xfe,0x6d,0xf6,0x8e,0xf6,0xd1,0xf6,0x37,0xf7,0x9c,0xff,0xdc,0xff,0xbe,0xff,0xdc,
    0xff,0x9c,0xff,0x39,0xf7,0x8e,0x9b,0xbe,0xff,0xff,0xff,0x7f,0xff,0xff,0x2f,0xff,
    0xff,0xc2,0xd7,0xcd,0x45,0x8a,0x6d,0xf6,0x6d,0xfe,0x6d,0xfe,0x6d,0xfe,0x6d,0xf6,
    0x6d,0xf6,0x6d,0xf6,0x6d,0xf6,0x6d,0xfe,0x6d,0xf6,0x6d,0xf6,0x6d,0xf6,0x6d,0xfe,
    0x6d,0xf6,0x6d,0xf6,0x6d,0xf6,0x6d,0xfe,0x6d,0xf6,0x6d,0xf6,0x6d,0xfe,0x6d,0xf6,
    0x6d,0xf6,0x6d,0xfe,0x6d,0xfe,0x6d,0xf6,0x6d,0xf6,0x6d,0xfe,0x6d,0xf6,0x6d,0xf6,
    0x6d,0xf6,0x6d,0xfe,0x6d,0xf6,0x6d,0xf6,0x6d,0xf6,0x6d,0xf6,0x6d,0xfe,0x6d,0xf6,
    0x6d,0xf6,0x6d,0xfe,0x6d,0xf6,0x6d,0xf6,0x6d,0xf6,0x6e,0xfe,0x6d,0xfe,0x6d,0xfe,
    0x6d,0xf6,0x6d,0xf6,0x6d,0xfe,0x6d,0xfe,0x6d,0xfe,0x6d,0xfe,0x12,0xf7,0x79,0xff,
    0x9c,0xff,0xff,0xff,0xff,0xff,0xbe,0xff,0xfb,0xe6,0x96,0xc5,0xd3,0xbc,0x50,0xac,
    0x24,0x71,0x9a,0xe6,0xff,0xff,0x7f,0xff,0xff,0x2f,0xff,0xff,0xc2,0xd7,0xcd,0x45,
    0x8a,0x8e,0xf6,0x6d,0xf6,0x6d,0xfe,0x6d,0xf6,0x6d,0xfe,0x6d,0xf6,0x6d,0xf6,0x6d,
    0xfe,0x6d,0xfe,0x6d,0xfe,0x6d,0xfe,0x6d,0xf6,0x6d,0xfe,0x6d,0xfe,0x6d,0xfe,0x6d,
    0xf6,0x6d,0xfe,0x6d,0xf6,0x6d,0xfe,0x6d,0xf6,0x6d,0xf6,0x6d,0xf6,0x6d,0xf6,0x6d,
    0xf6,0x6d,0xfe,0x6d,0xf6,0x6d,0xfe,0x6d,0xf6,0x6d,0xf6,0x6d,0xf6,0x6d,0xf6,0x6d,
    0xf6,0x6d,0xf6,0x6d,0xf6,0x6d,0xf6,0x6d,0xfe,0x6d,0xf6,0x6d,0xf6,0x6d,0xfe,0x6d,
    0xf6,0x6d,0xf6,0x6d,0xf6,0x6d,0xf6,0x6d,0xfe,0x6d,0xfe,0x6d,0xf6,0x6d,0xf6,0x6d,
    0xf6,0x6d,0xf6,0x6d,0xf6,0x37,0xf7,0xdc,0xff,0xff,0xff,0xff,0xff,0xff,0xff,0xff,
    0xff,0x9a,0xe6,0x8a,0x7a,0x61,0x58,0x61,0x58,0x41,0x60,0xc3,0x60,0x55,0xc5,0xff,
    0xff,0x7f,0xff,0xff,0x2f,0xff,0xff,0xc3,0xd7,0xcd,0x83,0x82,0x6e,0xf6,0x6d,0xfe,
    0x6d,0xfe,0x6d,0xf6,0x6d,0xfe,0x6d,0xfe,0x6d,0xfe,0x6d,0xf6,0x6d,0xf6,0x6d,0xf6,
    0x6d,0xf6,0x6d,0xf6,0x6d,0xfe,0x6d,0xfe,0x6d,0xf6,0x6d,0xfe,0x6d,0xf6,0x6d,0xfe,
    0x6d,0xfe,0x6d,0xf6,0x6d,0xf6,0x6d,0xfe,0x6d,0xf6,0x6d,0xf6,0x6d,0xfe,0x6d,0xfe,
    0x6d,0xf6,0x6d,0xf6,0x6d,0xf6,0x6d,0xf6,0x6d,0xf6,0x6d,0xfe,0x6d,0xfe,0x6d,0xfe,
    0x6d,0xfe,0x6d,0xf6,0x6d,0xf6,0x6d,0xfe,0x6d,0xf6,0x6d,0xf6,0x6d,0xfe,0x6d,0xfe,
    0x6d,0xf6,0x6d,0xf6,0x6d,0xfe,0x6d,0xf6,0x6d,0xfe,0x6d,0xfe,0x6d,0xf6,0x9a,0xff,
    0xff,0xff,0xff,0xff,0xff,0xff,0xff,0xff,0xff,0xff,0xff,0xff,0x18,0xd6,0x85,0x61,
    0x61,0x58,0x41,0x60,0x41,0x60,0x41,0x60,0x10,0xa4,0xbe,0xff,0xff,0xff,0x7f,0xff,
    0xff,0x2e,0xff,0xff,0xc3,0x18,0xd6,0x63,0x82,0x6e,0xf6,0x6d,0xfe,0x6d,0xfe,0x6d,
    0xfe,0x6d,0xf6,0x6d,0xf6,0x6d,0xf6,0x6d,0xf6,0x6d,0xf6,0x6d,0xf6,0x6d,0xfe,0x6d,
    0xfe,0x6d,0xf6,0x6d,0xfe,0x6d,0xf6,0x6d,0xf6,0x6d,0xfe,0x6d,0xfe,0x6d,0xfe,0x6d,
    0xf6,0x6d,0xfe,0x6d,0xf6,0x6d,0xf6,0x6d,0xfe,0x6d,0xf6,0x6d,0xf6,0x6d,0xf6,0x6d,
    0xfe,0x6d,0xfe,0x6d,0xfe,0x6d,0xfe,0x6d,0xfe,0x6d,0xfe,0x6d,0xfe,0x6d,0xfe,0x6d,
    0xf6,0x6d,0xf6,0x6d,0xf6,0x6d,0xfe,0x6d,0xf6,0x6d,0xf6,0x6d,0xf6,0x6d,0xf6,0x6d,
    0xf6,0x6d,0xfe,0x6d,0xf6,0x6d,0xf6,0x6d,0xfe,0x91,0xf6,0xff,0xff,0xff,0xff,0xff,
    0xff,0xff,0xff,0xff,0xff,0xff,0xff,0xff,0xff,0xbf,0xf7,0x9a,0xe6,0x92,0xbc,0xcf,
    0xa3,0x8e,0x9b,0x4c,0x8b,0xcb,0x82,0x5d,0xef,0xff,0xff,0x7f,0xff,0xff,0x2e,0xff,
    0xff,0xc3,0x59,0xd6,0xe7,0x81,0x2d,0xe6,0x6d,0xfe,0x6d,0xfe,0x6d,0xf6,0x6d,0xf6,
    0x6d,0xfe,0x6d,0xf6,0x6d,0xf6,0x6d,0xfe,0x6d,0xf6,0x6d,0xf6,0x6d,0xfe,0x6d,0xf6,
    0x6d,0xf6,0x6d,0xf6,0x6d,0xf6,0x6d,0xfe,0x6d,0xf6,0x6d,0xf6,0x6d,0xfe,0x6d,0xf6,
    0x6d,0xf6,0x6d,0xf6,0x6d,0xf6,0x6d,0xfe,0x6d,0xf6,0x6d,0xf6,0x6d,0xf6,0x6d,0xf6,
    0x6d,0xf6,0x6d,0xf6,0x6d,0xf6,0x6d,0xfe,0x6d,0xf6,0x6d,0xf6,0x6d,0xfe,0x6d,0xfe,
    0x6d,0xf6,0x6d,0xfe,0x6d,0xf6,0x6d,0xf6,0x6d,0xfe,0x6d,0xf6,0x6d,0xfe,0x6d,0xf6,
    0x6d,0xfe,0x6d,0xfe,0x6d,0xf6,0x57,0xff,0xff,0xff,0xff,0xff,0xff,0xff,0xff,0xff,
    0xff,0xff,0xff,0xff,0xff,0xff,0xff,0xff,0xff,0xff,0xbe,0xff,0x7d,0xf7,0x7d,0xf7,
    0x57,0xde,0x08,0x7a,0x5d,0xef,0xff,0xff,0x7f,0xff,0xff,0x2e,0xff,0xff,0xc3,0xfb,
    0xe6,0x49,0x7a,0xcc,0xdd,0x6d,0xf6,0x6d,0xf6,0x6d,0xf6,0x6d,0xf6,0x6d,0xfe,0x6d,
    0xf6,0x6d,0xf6,0x6d,0xfe,0x6d,0xfe,0x6d,0xfe,0x6d,0xfe,0x6d,0xf6,0x6d,0xf6,0x6d,
    0xf6,0x6d,0xf6,0x6d,0xfe,0x6d,0xfe,0x6d,0xfe,0x6d,0xf6,0x6d,0xf6,0x6d,0xf6,0x6d,
    0xf6,0x6d,0xf6,0x6d,0xfe,0x6d,0xf6,0x6d,0xf6,0x6d,0xfe,0x6d,0xf6,0x6d,0xf6,0x6d,
    0xf6,0x6d,0xf6,0x6d,0xfe,0x6d,0xf6,0x6d,0xf6,0x6d,0xfe,0x6d,0xfe,0x6d,0xf6,0x6d,
    0xf6,0x6d,0xfe,0x6d,0xfe,0x6d,0xf6,0x6d,0xf6,0x6d,0xf6,0x6d,0xf6,0x6d,0xf6,0x6d,
    0xfe,0xd1,0xf6,0xdc,0xff,0xff,0xff,0xff,0xff,0xff,0xff,0xff,0xff,0xff,0xff,0xff,
    0xff,0xff,0xff,0xff,0xff,0xff,0xff,0xff,0xff,0xff,0xff,0xff,0xff,0x9a,0xee,0xc7,
    0x71,0x5d,0xef,0xff,0xff,0x7f,0xff,0xff,0x2e,0xff,0xff,0xc3,0xfb,0xe6,0x49,0x7a,
    0xcc,0xdd,0x6d,0xf6,0x6d,0xf6,0x6d,0xf6,0x6d,0xf6,0x6d,0xfe,0x6d,0xf6,0x6d,0xf6,
    0x6d,0xfe,0x6d,0xfe,0x6d,0xfe,0x6d,0xfe,0x6d,0xf6,0x6d,0xf6,0x6d,0xf6,0x6d,0xf6,
    0x6d,0xfe,0x6d,0xfe,0x6d,0xfe,0x6d,0xf6,0x6d,0xf6,0x6d,0xf6,0x6d,0xf6,0x6d,0xf6,
    0x6d,0xfe,0x6d,0xf6,0x6d,0xf6,0x6d,0xfe,0x6d,0xf6,0x6d,0xf6,0x6d,0xf6,0x6d,0xf6,
    0x6d,0xfe,0x6d,0xf6,0x6d,0xf6,0x6d,0xfe,0x6d,0xfe,0x6d,0xf6,0x6d,0xf6,0x6d,0xfe,
    0x6d,0xfe,0x6d,0xf6,0x6d,0xf6,0x6d,0xf6,0x6d,0xf6,0x6d,0xf6,0x6d,0xfe,0xd1,0xf6,
    0xdc,0xff,0xff,0xff,0xff,0xff,0xff,0xff,0xff,0xff,0xff,0xff,0xff,0xff,0xff,0xff,
    0xff,0xff,0xff,0xff,0xff,0xff,0xff,0xff,0xff,0xff,0x9a,0xee,0xc7,0x71,0x5d,0xef,
    0xff,0xff,0x7f,0xff,0xff,0x2e,0xff,0xff,0xc3,0x5d,0xef,0xaa,0x8a,0x0b,0xcd,0x8d,
    0xfe,0x6d,0xf6,0x6d,0xf6,0x6d,0xfe,0x6d,0xf6,0x6d,0xf6,0x6d,0xf6,0x6d,0xfe,0x6d,
    0xfe,0x6d,0xfe,0x6d,0xfe,0x6d,0xf6,0x6d,0xf6,0x6d,0xf6,0x6d,0xf6,0x6d,0xf6,0x6d,
    0xf6,0x6d,0xf6,0x6d,0xfe,0x6d,0xfe,0x6d,0xf6,0x6d,0xf6,0x6d,0xfe,0x6d,0xf6,0x6d,
    0xf6,0x6d,0xfe,0x6d,0xfe,0x6d,0xf6,0x6d,0xfe,0x6d,0xfe,0x6d,0xf6,0x6d,0xf6,0x6d,
    0xf6,0x6d,0xf6,0x6d,0xfe,0x6d,0xf6,0x6d,0xf6,0x6d,0xf6,0x6d,0xf6,0x6d,0xfe,0x6d,
    0xfe,0x6d,0xfe,0x6d,0xf6,0x6d,0xf6,0x6d,0xf6,0x6d,0xfe,0x79,0xff,0xff,0xff,0xff,
    0xff,0xff,0xff,0xff,0xff,0xff,0xff,0xff,0xff,0xff,0xff,0xff,0xff,0xff,0xff,0xff,
    0xff,0xff,0xff,0xff,0xff,0xff,0xff,0xdb,0xee,0x08,0x7a,0x1c,0xef,0xff,0xff,0x7f,
    0xff,0xff,0x2e,0xff,0xff,0xc3,0x7d,0xf7,0x8e,0x9b,0x68,0xbc,0x8d,0xf6,0x8d,0xf6,
    0x6d,0xf6,0x6d,0xf6,0x6d,0xfe,0x6d,0xf6,0x6d,0xfe,0x6d,0xf6,0x6d,0xf6,0x6d,0xf6,
    0x6d,0xf6,0x6d,0xfe,0x6d,0xfe,0x6d,0xf6,0x6d,0xf6,0x6d,0xf6,0x6d,0xf6,0x6d,0xf6,
    0x6d,0xfe,0x6d,0xf6,0x6d,0xf6,0x6d,0xfe,0x6d,0xfe,0x6d,0xf6,0x6d,0xf6,0x6d,0xfe,
    0x6d,0xf6,0x6d,0xf6,0x6d,0xf6,0x6d,0xf6,0x6d,0xfe,0x6d,0xf6,0x6d,0xfe,0x6d,0xf6,
    0x6d,0xfe,0x6d,0xf6,0x6d,0xfe,0x6d,0xfe,0x6d,0xf6,0x6d,0xf6,0x6d,0xf6,0x6d,0xf6,
    0x6d,0xf6,0x6d,0xfe,0x6d,0xf6,0x91,0xf6,0x9c,0xff,0xff,0xff,0xff,0xff,0xff,0xff,
    0xff,0xff,0xff,0xff,0xff,0xff,0xff,0xff,0xff,0xff,0xff,0xff,0xff,0xff,0xff,0xff,
    0xff,0xff,0xff,0xff,0x1c,0xef,0x08,0x7a,0x1c,0xef,0xff,0xff,0x7f,0xff,0xff,0x2e,
    0xff,0xff,0xc3,0xbe,0xff,0x92,0xbc,0x65,0x9b,0x8d,0xfe,0x6d,0xf6,0x6d,0xf6,0x6d,
    0xfe,0x6d,0xfe,0x6d,0xf6,0x6d,0xf6,0x6d,0xf6,0x6d,0xfe,0x6d,0xf6,0x6d,0xf6,0x6d,
    0xf6,0x6d,0xf6,0x6d,0xf6,0x6d,0xfe,0x6d,0xf6,0x6d,0xf6,0x6d,0xf6,0x6d,0xfe,0x6d,
    0xfe,0x6d,0xfe,0x6d,0xf6,0x6d,0xf6,0x6d,0xfe,0x6d,0xfe,0x6d,0xf6,0x6d,0xf6,0x6d,
    0xf6,0x6d,0xf6,0x6d,0xf6,0x6d,0xf6,0x6d,0xfe,0x6d,0xfe,0x6d,0xfe,0x6d,0xf6,0x6d,
    0xf6,0x6d,0xf6,0x6d,0xf6,0x6d,0xf6,0x6d,0xf6,0x6d,0xf6,0x6d,0xf6,0x6d,0xfe,0x6d,
    0xfe,0x6d,0xf6,0xf4,0xf6,0xff,0xff,0xff,0xff,0xff,0xff,0xff,0xff,0xff,0xff,0xff,
    0xff,0xff,0xff,0xff,0xff,0xff,0xff,0xff,0xff,0xff,0xff,0xff,0xff,0xff,0xff,0xff,
    0xff,0xfb,0xe6,0xc7,0x71,0x1c,0xef,0xff,0xff,0x7f,0xff,0xff,0x2f,0xff,0xff,0xc2,
    0x18,0xd6,0x02,0x72,0x8d,0xfe,0x6d,0xfe,0x6d,0xfe,0x6d,0xf6,0x6d,0xf6,0x6d,0xf6,
    0x6d,0xf6,0x6d,0xfe,0x6d,0xf6,0x6d,0xf6,0x6d,0xf6,0x6d,0xf6,0x6d,0xfe,0x6d,0xfe,
    0x6d,0xfe,0x6d,0xf6,0x6d,0xfe,0x6d,0xfe,0x6d,0xf6,0x6d,0xf6,0x6d,0xf6,0x6d,0xfe,
    0x6d,0xfe,0x6d,0xf6,0x6d,0xf6,0x6d,0xf6,0x6d,0xfe,0x6d,0xf6,0x6d,0xf6,0x6d,0xfe,
    0x6d,0xf6,0x6d,0xf6,0x6d,0xf6,0x6d,0xf6,0x6d,0xf6,0x6d,0xf6,0x6d,0xfe,0x6d,0xfe,
    0x6d,0xfe,0x6d,0xfe,0x6d,0xf6,0x6d,0xfe,0x6d,0xf6,0x6d,0xfe,0x6d,0xf6,0x57,0xff,
    0xff,0xff,0xff,0xff,0xff,0xff,0xff,0xff,0xff,0xff,0xff,0xff,0xff,0xff,0xff,0xff,
    0xff,0xff,0xff,0xff,0xff,0xff,0xff,0xff,0xff,0xff,0xff,0xff,0x9a,0xe6,0xc7,0x71,
    0x5d,0xef,0xff,0xff,0x7f,0xff,0xff,0x2f,0xff,0xff,0xc2,0x1c,0xef,0x08,0x72,0x8d,
    0xfe,0x6d,0xfe,0x6d,0xf6,0x6d,0xf6,0x6d,0xf6,0x6d,0xfe,0x6d,0xfe,0x6d,0xf6,0x6d,
    0xf6,0x6d,0xf6,0x6d,0xf6,0x6d,0xfe,0x6d,0xf6,0x6d,0xf6,0x6d,0xf6,0x6d,0xfe,0x6d,
    0xfe,0x6d,0xfe,0x6d,0xf6,0x6d,0xf6,0x6d,0xf6,0x6d,0xf6,0x6d,0xf6,0x6d,0xf6,0x6d,
    0xfe,0x6d,0xf6,0x6d,0xfe,0x6d,0xfe,0x6d,0xfe,0x6d,0xf6,0x6d,0xfe,0x6d,0xf6,0x6d,
    0xf6,0x6d,0xf6,0x6d,0xf6,0x6d,0xf6,0x6d,0xf6,0x6d,0xf6,0x6d,0xf6,0x6d,0xfe,0x6d,
    0xf6,0x6d,0xfe,0x6d,0xf6,0x8d,0xfe,0x8e,0xf6,0x57,0xff,0xff,0xff,0xff,0xff,0xff,
    0xff,0xff,0xff,0xff,0xff,0xff,0xff,0xff,0xff,0xff,0xff,0xff,0xff,0xff,0xff,0xff,
    0xff,0xff,0xff,0xff,0xff,0xff,0xff,0xd7,0xdd,0x89,0x82,0x5d,0xef,0xff,0xff,0x7f,
    0xff,0xff,0x2f,0xff,0xff,0xc2,0xbe,0xff,0xce,0x9b,0xae,0xfe,0x6d,0xf6,0x6d,0xf6,
    0x6d,0xfe,0x6d,0xfe,0x6d,0xfe,0x6d,0xf6,0x6d,0xf6,0x6d,0xf6,0x6d,0xf6,0x6d,0xf6,
    0x6d,0xfe,0x6d,0xf6,0x6d,0xfe,0x6d,0xf6,0x6d,0xfe,0x6d,0xf6,0x6d,0xf6,0x6d,0xf6,
    0x6d,0xf6,0x6d,0xf6,0x6d,0xfe,0x6d,0xfe,0x6d,0xf6,0x6d,0xf6,0x6d,0xfe,0x6d,0xf6,
    0x6d,0xf6,0x6d,0xf6,0x6d,0xfe,0x6d,0xfe,0x6d,0xfe,0x6d,0xfe,0x6d,0xf6,0x6d,0xfe,
    0x6d,0xf6,0x6d,0xf6,0x6d,0xf6,0x6d,0xfe,0x6d,0xf6,0x6d,0xf6,0x6d,0xf6,0x6d,0xfe,
    0x6d,0xfe,0x6d,0xf6,0x57,0xff,0xff,0xff,0xff,0xff,0xff,0xff,0xff,0xff,0xff,0xff,
    0xff,0xff,0xff,0xff,0xff,0xff,0xff,0xff,0xff,0xff,0xff,0xff,0xff,0xff,0xff,0xff,
    0xff,0xff,0x55,0xbd,0xce,0x9b,0xbe,0xff,0xff,0xff,0x7f,0xff,0xff,0x2f,0xff,0xff,
    0xc2,0xbe,0xff,0xce,0x9b,0xae,0xfe,0x6d,0xf6,0x6d,0xf6,0x6d,0xfe,0x6d,0xfe,0x6d,
    0xfe,0x6d,0xf6,0x6d,0xf6,0x6d,0xf6,0x6d,0xf6,0x6d,0xf6,0x6d,0xfe,0x6d,0xf6,0x6d,
    0xfe,0x6d,0xf6,0x6d,0xfe,0x6d,0xf6,0x6d,0xf6,0x6d,0xf6,0x6d,0xf6,0x6d,0xf6,0x6d,
    0xfe,0x6d,0xfe,0x6d,0xf6,0x6d,0xf6,0x6d,0xfe,0x6d,0xf6,0x6d,0xf6,0x6d,0xf6,0x6d,
    0xfe,0x6d,0xfe,0x6d,0xfe,0x6d,0xfe,0x6d,0xf6,0x6d,0xfe,0x6d,0xf6,0x6d,0xf6,0x6d,
    0xf6,0x6d,0xfe,0x6d,0xf6,0x6d,0xf6,0x6d,0xf6,0x6d,0xfe,0x6d,0xfe,0x6d,0xf6,0x57,
    0xff,0xff,0xff,0xff,0xff,0xff,0xff,0xff,0xff,0xff,0xff,0xff,0xff,0xff,0xff,0xff,
    0xff,0xff,0xff,0xff,0xff,0xff,0xff,0xff,0xff,0xff,0xff,0xff,0xff,0x55,0xbd,0xce,
    0x9b,0xbe,0xff,0xff,0xff,0x7f,0xff,0xff,0x30,0xff,0xff,0xc0,0x18,0xd6,0x0f,0xee,
    0x6d,0xf6,0x6d,0xf6,0x6d,0xf6,0x6d,0xf6,0x6d,0xf6,0x6d,0xfe,0x6d,0xf6,0x6d,0xf6,
    0x6d,0xf6,0x6d,0xf6,0x6d,0xfe,0x6d,0xfe,0x6d,0xf6,0x6d,0xf6,0x6d,0xfe,0x6d,0xf6,
    0x6d,0xf6,0x6d,0xfe,0x6d,0xf6,0x6d,0xf6,0x6d,0xf6,0x6d,0xf6,0x6d,0xf6,0x6d,0xfe,
    0x6d,0xf6,0x6d,0xf6,0x6d,0xf6,0x6d,0xf6,0x6d,0xf6,0x6d,0xfe,0x6d,0xfe,0x6d,0xf6,
    0x6d,0xfe,0x6d,0xf6,0x6d,0xf6,0x6d,0xf6,0x6d,0xf6,0x6d,0xfe,0x6d,0xf6,0x6d,0xf6,
    0x6d,0xf6,0x6d,0xf6,0x6d,0xf6,0x8d,0xf6,0x57,0xff,0xff,0xff,0xff,0xff,0xff,0xff,
    0xff,0xff,0xff,0xff,0xff,0xff,0xff,0xff,0xff,0xff,0xff,0xff,0xff,0xff,0xff,0xff,
    0xff,0xff,0xff,0xff,0xff,0xff,0x8e,0x93,0x14,0xbd,0xff,0xff,0x7f,0xff,0xff,0x31,
    0xff,0xff,0xc0,0x7d,0xf7,0x0b,0xcd,0x8d,0xfe,0x6d,0xf6,0x6d,0xfe,0x6d,0xfe,0x6d,
    0xf6,0x6d,0xf6,0x6d,0xfe,0x6d,0xf6,0x6d,0xfe,0x6d,0xfe,0x6d,0xf6,0x6d,0xf6,0x6d,
    0xf6,0x6d,0xf6,0x6d,0xfe,0x6d,0xf6,0x6d,0xf6,0x6d,0xf6,0x6d,0xf6,0x6d,0xf6,0x6d,
    0xf6,0x6d,0xf6,0x6d,0xfe,0x6d,0xf6,0x6d,0xf6,0x6d,0xf6,0x6d,0xf6,0x6d,0xf6,0x6d,
    0xf6,0x6d,0xfe,0x6d,0xfe,0x6d,0xfe,0x6d,0xf6,0x6d,0xfe,0x6d,0xf6,0x6d,0xf6,0x6d,
    0xfe,0x6d,0xf6,0x6d,0xf6,0x6d,0xf6,0x6d,0xf6,0x6d,0xfe,0x6d,0xfe,0x6d,0xf6,0xf4,
    0xf6,0xff,0xff,0xff,0xff,0xff,0xff,0xff,0xff,0xff,0xff,0xff,0xff,0xff,0xff,0xff,
    0xff,0xff,0xff,0xff,0xff,0xff,0xff,0xff,0xff,0xff,0xff,0xff,0xff,0xc7,0x69,0x9a,
    0xe6,0xff,0xff,0x7f,0xff,0xff,0x32,0xff,0xff,0xbf,0x05,0x93,0x6e,0xf6,0x8d,0xf6,
    0x6d,0xf6,0x6d,0xf6,0x6d,0xf6,0x6d,0xfe,0x6d,0xf6,0x6d,0xf6,0x6d,0xfe,0x6d,0xfe,
    0x6d,0xf6,0x6d,0xf6,0x6d,0xf6,0x6d,0xf6,0x6d,0xfe,0x6d,0xf6,0x6d,0xf6,0x6d,0xf6,
    0x6d,0xfe,0x6d,0xfe,0x6d,0xfe,0x6d,0xfe,0x6d,0xf6,0x6d,0xfe,0x6d,0xf6,0x6d,0xfe,
    0x6d,0xf6,0x6d,0xf6,0x6d,0xfe,0x6d,0xf6,0x6d,0xf6,0x6d,0xfe,0x6d,0xfe,0x6d,0xf6,
    0x6d,0xf6,0x6d,0xf6,0x6d,0xfe,0x6d,0xf6,0x6d,0xf6,0x6d,0xf6,0x6d,0xfe,0x6d,0xf6,
    0x6d,0xf6,0x6d,0xf6,0xb0,0xfe,0xdc,0xff,0xff,0xff,0xff,0xff,0xff,0xff,0xff,0xff,
    0xff,0xff,0xff,0xff,0xff,0xff,0xff,0xff,0xff,0xff,0xff,0xff,0xff,0xff,0xff,0xff,
    0xbf,0xf7,0x4c,0x8b,0x7d,0xf7,0xff,0xff,0x7f,0xff,0xff,0x32,0xff,0xff,0xbe,0xcb,
    0x82,0xc9,0xc4,0xae,0xfe,0x6d,0xf6,0x6d,0xf6,0x6d,0xf6,0x6d,0xf6,0x6d,0xfe,0x6d,
    0xf6,0x6d,0xf6,0x6d,0xf6,0x6d,0xfe,0x6d,0xfe,0x6d,0xfe,0x6d,0xfe,0x6d,0xf6,0x6d,
    0xf6,0x6d,0xf6,0x6d,0xfe,0x6d,0xfe,0x6d,0xfe,0x6d,0xfe,0x6d,0xf6,0x6d,0xfe,0x6d,
    0xfe,0x6d,0xfe,0x6d,0xf6,0x6d,0xf6,0x6d,0xf6,0x6d,0xf6,0x6d,0xf6,0x6d,0xf6,0x6d,
    0xf6,0x6d,0xf6,0x6d,0xf6,0x6d,0xf6,0x6d,0xfe,0x6d,0xf6,0x6d,0xf6,0x6d,0xf6,0x6d,
    0xf6,0x6d,0xf6,0x6d,0xfe,0x6d,0xfe,0x6d,0xf6,0x8d,0xfe,0x79,0xff,0xbe,0xff,0xff,
    0xff,0xff,0xff,0xff,0xff,0xff,0xff,0xff,0xff,0xff,0xff,0xff,0xff,0xff,0xff,0xff,
    0xff,0xff,0xff,0xff,0xff,0xdb,0xee,0x96,0xcd,0xff,0xff,0x7f,0xff,0xff,0x33,0xff,
    0xff,0xbe,0xd7,0xcd,0x49,0x7a,0xcc,0xdd,0x8d,0xfe,0x6d,0xfe,0x6d,0xfe,0x6d,0xf6,
    0x6d,0xf6,0x6d,0xfe,0x6d,0xf6,0x6d,0xf6,0x6d,0xfe,0x6d,0xfe,0x6d,0xf6,0x6d,0xf6,
    0x6d,0xf6,0x6d,0xf6,0x6d,0xf6,0x6d,0xfe,0x6d,0xfe,0x6d,0xfe,0x6d,0xfe,0x6d,0xfe,
    0x6d,0xf6,0x6d,0xf6,0x6d,0xf6,0x6d,0xf6,0x6d,0xfe,0x6d,0xf6,0x6d,0xf6,0x6d,0xfe,
    0x6d,0xf6,0x6d,0xf6,0x6d,0xf6,0x6d,0xfe,0x6d,0xfe,0x6d,0xf6,0x6d,0xf6,0x6d,0xfe,
    0x6d,0xfe,0x6d,0xfe,0x6d,0xfe,0x6d,0xf6,0x6d,0xfe,0x6d,0xfe,0x6d,0xf6,0xd1,0xf6,
    0x9c,0xff,0xff,0xff,0xff,0xff,0xff,0xff,0xff,0xff,0xff,0xff,0xff,0xff,0xff,0xff,
    0xff,0xff,0xff,0xff,0xff,0xff,0xff,0xff,0xd3,0xbc,0x7d,0xf7,0xff,0xff,0x7f,0xff,
    0xff,0x33,0xff,0xff,0xbd,0x7d,0xf7,0x10,0xa4,0x27,0x9b,0xce,0xf6,0x8d,0xfe,0x6d,
    0xfe,0x6d,0xfe,0x6d,0xf6,0x6d,0xfe,0x6d,0xfe,0x6d,0xfe,0x6d,0xf6,0x6d,0xf6,0x6d,
    0xf6,0x6d,0xf6,0x6d,0xfe,0x6d,0xf6,0x6d,0xf6,0x6d,0xf6,0x6d,0xfe,0x6d,0xf6,0x6d,
    0xfe,0x6d,0xfe,0x6d,0xf6,0x6d,0xfe,0x6d,0xfe,0x6d,0xf6,0x6d,0xf6,0x6d,0xf6,0x6d,
    0xf6,0x6d,0xf6,0x6d,0xf6,0x6d,0xfe,0x6d,0xfe,0x6d,0xf6,0x6d,0xf6,0x6d,0xf6,0x6d,
    0xf6,0x6d,0xfe,0x6d,0xfe,0x6d,0xfe,0x6d,0xfe,0x6d,0xf6,0x6d,0xf6,0x6d,0xf6,0x8d,
    0xf6,0x6d,0xf6,0x34,0xff,0xff,0xff,0xff,0xff,0xff,0xff,0xff,0xff,0xff,0xff,0xff,
    0xff,0xff,0xff,0xff,0xff,0xff,0xff,0xff,0xff,0x59,0xde,0xcb,0x82,0xff,0xff,0x7f,
    0xff,0xff,0x35,0xff,0xff,0xbc,0xfb,0xe6,0x0c,0x8b,0x8b,0xbc,0x8e,0xf6,0x8d,0xf6,
    0x6d,0xfe,0x6d,0xf6,0x6d,0xfe,0x6d,0xf6,0x6d,0xf6,0x6d,0xfe,0x6d,0xfe,0x6d,0xf6,
    0x6d,0xfe,0x6d,0xf6,0x6d,0xf6,0x6d,0xfe,0x6d,0xf6,0x6d,0xfe,0x6d,0xf6,0x6d,0xfe,
    0x6d,0xf6,0x6d,0xf6,0x6d,0xf6,0x6d,0xfe,0x6d,0xf6,0x6d,0xf6,0x6d,0xf6,0x6d,0xf6,
    0x6d,0xf6,0x6d,0xfe,0x6d,0xfe,0x6d,0xf6,0x6d,0xfe,0x6d,0xfe,0x6d,0xf6,0x6d,0xfe,
    0x6d,0xf6,0x6d,0xf6,0x6d,0xfe,0x6d,0xf6,0x6d,0xf6,0x6d,0xf6,0x6d,0xf6,0x8d,0xf6,
    0x8d,0xf6,0x8e,0xf6,0xbe,0xff,0xff,0xff,0xff,0xff,0xff,0xff,0xff,0xff,0xff,0xff,
    0xff,0xff,0xff,0xff,0xff,0xff,0x1c,0xef,0x4c,0x8b,0x92,0xac,0xff,0xff,0x7f,0xff,
    0xff,0x35,0xff,0xff,0xbc,0xfb,0xe6,0x0c,0x8b,0x8b,0xbc,0x8e,0xf6,0x8d,0xf6,0x6d,
    0xfe,0x6d,0xf6,0x6d,0xfe,0x6d,0xf6,0x6d,0xf6,0x6d,0xfe,0x6d,0xfe,0x6d,0xf6,0x6d,
    0xfe,0x6d,0xf6,0x6d,0xf6,0x6d,0xfe,0x6d,0xf6,0x6d,0xfe,0x6d,0xf6,0x6d,0xfe,0x6d,
    0xf6,0x6d,0xf6,0x6d,0xf6,0x6d,0xfe,0x6d,0xf6,0x6d,0xf6,0x6d,0xf6,0x6d,0xf6,0x6d,
    0xf6,0x6d,0xfe,0x6d,0xfe,0x6d,0xf6,0x6d,0xfe,0x6d,0xfe,0x6d,0xf6,0x6d,0xfe,0x6d,
    0xf6,0x6d,0xf6,0x6d,0xfe,0x6d,0xf6,0x6d,0xf6,0x6d,0xf6,0x6d,0xf6,0x8d,0xf6,0x8d,
    0xf6,0x8e,0xf6,0xbe,0xff,0xff,0xff,0xff,0xff,0xff,0xff,0xff,0xff,0xff,0xff,0xff,
    0xff,0xff,0xff,0xff,0xff,0x1c,0xef,0x4c,0x8b,0x92,0xac,0xff,0xff,0x7f,0xff,0xff,
    0x35,0xff,0xff,0xbc,0xbe,0xff,0x59,0xde,0xa3,0x69,0x0b,0xcd,0xce,0xf6,0x6d,0xfe,
    0x6d,0xfe,0x6d,0xf6,0x6d,0xfe,0x6d,0xf6,0x6d,0xf6,0x6d,0xfe,0x6d,0xfe,0x6d,0xf6,
    0x6d,0xfe,0x6d,0xfe,0x6d,0xf6,0x6d,0xf6,0x6d,0xf6,0x6d,0xf6,0x6d,0xf6,0x6d,0xf6,
    0x6d,0xfe,0x6d,0xf6,0x6d,0xf6,0x6d,0xf6,0x6d,0xf6,0x6d,0xf6,0x6d,0xfe,0x6d,0xfe,
    0x6d,0xfe,0x6d,0xf6,0x6d,0xf6,0x6d,0xfe,0x6d,0xf6,0x6d,0xf6,0x6d,0xf6,0x6d,0xf6,
    0x6d,0xfe,0x6d,0xfe,0x6d,0xf6,0x6d,0xf6,0x6d,0xf6,0x6d,0xf6,0x6d,0xf6,0x8d,0xf6,
    0x8d,0xfe,0x37,0xf7,0xdc,0xff,0xff,0xff,0xff,0xff,0xff,0xff,0xff,0xff,0xff,0xff,
    0xff,0xff,0x7d,0xf7,0x8e,0x9b,0x8e,0x93,0x5d,0xef,0xff,0xff,0x7f,0xff,0xff,0x37,
    0xff,0xff,0xb9,0x96,0xcd,0x08,0x72,0xc9,0xbc,0x6d,0xfe,0x6d,0xfe,0x6d,0xfe,0x6d,
    0xf6,0x6d,0xfe,0x6d,0xf6,0x6d,0xf6,0x6d,0xf6,0x6d,0xf6,0x6d,0xfe,0x6d,0xfe,0x6d,
    0xfe,0x6d,0xf6,0x6d,0xf6,0x6d,0xf6,0x6d,0xf6,0x6d,0xfe,0x6d,0xf6,0x6d,0xf6,0x6d,
    0xf6,0x6d,0xfe,0x6d,0xfe,0x6d,0xfe,0x6d,0xf6,0x6d,0xf6,0x6d,0xfe,0x6d,0xfe,0x6d,
    0xfe,0x6d,0xf6,0x6d,0xfe,0x6d,0xf6,0x6d,0xf6,0x6d,0xfe,0x6d,0xfe,0x6d,0xfe,0x6d,
    0xfe,0x6d,0xf6,0x6d,0xfe,0x6d,0xf6,0x6d,0xfe,0x6d,0xf6,0x6d,0xf6,0x6d,0xf6,0x8e,
    0xf6,0x57,0xff,0xdc,0xff,0xff,0xff,0xff,0xff,0xff,0xff,0xfb,0xe6,0x8e,0x93,0x8e,
    0x93,0x1c,0xef,0xff,0xff,0x7f,0xff,0xff,0x38,0xff,0xff,0xb8,0xbe,0xff,0x96,0xcd,
    0x89,0x82,0x8e,0xf6,0x8d,0xfe,0x6d,0xfe,0x6d,0xf6,0x6d,0xfe,0x6d,0xf6,0x6d,0xf6,
    0x6d,0xf6,0x6d,0xf6,0x6d,0xfe,0x6d,0xfe,0x6d,0xfe,0x6d,0xf6,0x6d,0xf6,0x6d,0xf6,
    0x6d,0xf6,0x6d,0xf6,0x6d,0xf6,0x6d,0xfe,0x6d,0xf6,0x6d,0xf6,0x6d,0xf6,0x6d,0xf6,
    0x6d,0xf6,0x6d,0xfe,0x6d,0xfe,0x6d,0xfe,0x6d,0xf6,0x6d,0xf6,0x6d,0xf6,0x6d,0xf6,
    0x6d,0xf6,0x6d,0xf6,0x6d,0xf6,0x6d,0xf6,0x6d,0xf6,0x6d,0xfe,0x6d,0xf6,0x6d,0xf6,
    0x6d,0xfe,0x6d,0xf6,0x6d,0xf6,0x6d,0xfe,0x6d,0xf6,0x6e,0xf6,0xd1,0xf6,0x37,0xf7,
    0x9a,0xff,0x9a,0xe6,0xcf,0x8b,0xcf,0x8b,0x1c,0xef,0xff,0xff,0x7f,0xff,0xff,0x3b,
    0xff,0xff,0xb5,0x18,0xd6,0x07,0xb4,0x2d,0xee,0x8d,0xf6,0x6d,0xfe,0x6d,0xfe,0x6d,
    0xf6,0x6d,0xf6,0x6d,0xf6,0x6d,0xf6,0x6d,0xfe,0x6d,0xfe,0x6d,0xfe,0x6d,0xf6,0x6d,
    0xf6,0x6d,0xf6,0x6d,0xf6,0x6d,0xf6,0x6d,0xfe,0x6d,0xf6,0x6d,0xf6,0x6d,0xfe,0x6d,
    0xfe,0x6d,0xfe,0x6d,0xf6,0x6d,0xfe,0x6d,0xfe,0x6d,0xf6,0x6d,0xf6,0x6d,0xf6,0x6d,
    0xf6,0x6d,0xfe,0x6d,0xf6,0x6d,0xfe,0x6d,0xf6,0x6d,0xf6,0x6d,0xf6,0x6d,0xf6,0x6d,
    0xfe,0x6d,0xf6,0x6d,0xf6,0x6d,0xf6,0x6d,0xfe,0x6d,0xfe,0x6d,0xfe,0x6d,0xf6,0x6d,
    0xf6,0x8d,0xf6,0x6e,0xf6,0xcb,0x82,0x50,0xac,0x1c,0xef,0xff,0xff,0x7f,0xff,0xff,
    0x3c,0xff,0xff,0xb4,0xbe,0xff,0x8e,0x93,0x83,0x82,0x6b,0xd5,0x8e,0xf6,0x8d,0xf6,
    0x6d,0xf6,0x6d,0xf6,0x6d,0xfe,0x6d,0xfe,0x6d,0xf6,0x6d,0xf6,0x6d,0xfe,0x6d,0xf6,
    0x6d,0xf6,0x6d,0xf6,0x6d,0xf6,0x6d,0xf6,0x6d,0xfe,0x6d,0xf6,0x6d,0xf6,0x6d,0xfe,
    0x6d,0xf6,0x6d,0xfe,0x6d,0xf6,0x6d,0xf6,0x6d,0xfe,0x6d,0xf6,0x6d,0xf6,0x6d,0xfe,
    0x6d,0xf6,0x6d,0xfe,0x6d,0xfe,0x6d,0xf6,0x6d,0xf6,0x6d,0xfe,0x6d,0xfe,0x6d,0xf6,
    0x6d,0xf6,0x6d,0xf6,0x6d,0xfe,0x8d,0xf6,0x8d,0xf6,0x6d,0xfe,0x6d,0xf6,0x6d,0xf6,
    0xae,0xfe,0xcc,0xdd,0xa6,0xa3,0x96,0xc5,0x7d,0xf7,0xff,0xff,0x7f,0xff,0xff,0x3e,
    0xff,0xff,0xb1,0x7d,0xf7,0x14,0xbd,0x08,0x72,0x65,0x9b,0xcc,0xdd,0xae,0xfe,0x6d,
    0xfe,0x6d,0xf6,0x6d,0xf6,0x6d,0xf6,0x6d,0xf6,0x6d,0xf6,0x6d,0xfe,0x6d,0xfe,0x8d,
    0xf6,0x6d,0xf6,0x6d,0xf6,0x6d,0xfe,0x6d,0xf6,0x6d,0xfe,0x6d,0xf6,0x6d,0xf6,0x6d,
    0xfe,0x6d,0xf6,0x6d,0xfe,0x6d,0xfe,0x6d,0xfe,0x6d,0xfe,0x6d,0xf6,0x6d,0xf6,0x6d,
    0xfe,0x6d,0xfe,0x6d,0xf6,0x6d,0xf6,0x6d,0xf6,0x6d,0xf6,0x6d,0xf6,0x6d,0xfe,0x6d,
    0xfe,0x6d,0xfe,0x6d,0xfe,0x6d,0xf6,0x8d,0xf6,0xae,0xfe,0x2d,0xe6,0xc8,0xab,0xa3,
    0x69,0x10,0xa4,0xff,0xff,0x7f,0xff,0xff,0x40,0xff,0xff,0xb1,0x7d,0xf7,0x14,0xbd,
    0x08,0x72,0x65,0x9b,0xcc,0xdd,0xae,0xfe,0x6d,0xfe,0x6d,0xf6,0x6d,0xf6,0x6d,0xf6,
    0x6d,0xf6,0x6d,0xf6,0x6d,0xfe,0x6d,0xfe,0x8d,0xf6,0x6d,0xf6,0x6d,0xf6,0x6d,0xfe,
    0x6d,0xf6,0x6d,0xfe,0x6d,0xf6,0x6d,0xf6,0x6d,0xfe,0x6d,0xf6,0x6d,0xfe,0x6d,0xfe,
    0x6d,0xfe,0x6d,0xfe,0x6d,0xf6,0x6d,0xf6,0x6d,0xfe,0x6d,0xfe,0x6d,0xf6,0x6d,0xf6,
    0x6d,0xf6,0x6d,0xf6,0x6d,0xf6,0x6d,0xfe,0x6d,0xfe,0x6d,0xfe,0x6d,0xfe,0x6d,0xf6,
    0x8d,0xf6,0xae,0xfe,0x2d,0xe6,0xc8,0xab,0xa3,0x69,0x10,0xa4,0xff,0xff,0x7f,0xff,
    0xff,0x41,0xff,0xff,0xb0,0xbe,0xff,0x59,0xde,0x10,0xa4,0x04,0x7a,0xc8,0xab,0x8e,
    0xf6,0x8e,0xf6,0x8d,0xfe,0x6d,0xf6,0x6d,0xf6,0x6d,0xf6,0x6d,0xfe,0x6d,0xfe,0x6d,
    0xfe,0x6d,0xfe,0x6d,0xf6,0x6d,0xf6,0x6d,0xf6,0x6d,0xf6,0x6d,0xfe,0x6d,0xf6,0x6d,
    0xfe,0x6d,0xf6,0x6d,0xfe,0x6d,0xf6,0x6d,0xf6,0x6d,0xf6,0x6d,0xf6,0x6d,0xf6,0x6d,
    0xf6,0x6d,0xf6,0x6d,0xf6,0x6d,0xf6,0x6d,0xf6,0x6d,0xf6,0x6d,0xfe,0x6d,0xfe,0x6d,
    0xf6,0x6d,0xfe,0x8d,0xf6,0x8d,0xf6,0xcc,0xdd,0x08,0xb4,0x08,0x82,0xce,0x9b,0x16,
    0xd6,0x7d,0xf7,0xff,0xff,0x7f,0xff,0xff,0x43,0xff,0xff,0xac,0x7d,0xf7,0x59,0xd6,
    0x50,0xac,0x27,0x9b,0xc9,0xbc,0x0c,0xe6,0x8d,0xf6,0xae,0xfe,0x8d,0xf6,0x6d,0xf6,
    0x6d,0xf6,0x6d,0xf6,0x6d,0xf6,0x6d,0xfe,0x6d,0xf6,0x6d,0xf6,0x6d,0xf6,0x6d,0xfe,
    0x6d,0xf6,0x6d,0xfe,0x6d,0xf6,0x6d,0xfe,0x6d,0xfe,0x6d,0xf6,0x6d,0xf6,0x6d,0xfe,
    0x6d,0xf6,0x6d,0xfe,0x6d,0xfe,0x8d,0xfe,0x6d,0xf6,0x6d,0xf6,0x6d,0xf6,0x8d,0xfe,
    0xae,0xfe,0xae,0xfe,0x6d,0xf6,0x8c,0xdd,0x47,0xb4,0x09,0x8b,0x50,0xac,0x59,0xd6,
    0x7d,0xf7,0xff,0xff,0x7f,0xff,0xff,0x47,0xff,0xff,0xa8,0xbe,0xff,0xd3,0xbc,0xcb,
    0x82,0x83,0x82,0xc8,0xab,0x0b,0xcd,0x2d,0xee,0xce,0xf6,0x8d,0xf6,0x8d,0xf6,0x6d,
    0xf6,0x6d,0xf6,0x6d,0xf6,0x6d,0xf6,0x6d,0xf6,0x6d,0xf6,0x6d,0xf6,0x6d,0xf6,0x6d,
    0xf6,0x6d,0xfe,0x6d,0xfe,0x6d,0xfe,0x8d,0xf6,0x6d,0xfe,0x6d,0xfe,0x6d,0xfe,0x6d,
    0xf6,0x6e,0xfe,0x6d,0xfe,0x8d,0xfe,0x8d,0xf6,0x2d,0xee,0x6b,0xd5,0x08,0xb4,0xc7,
    0x9a,0x49,0x7a,0x4d,0x9b,0x9a,0xe6,0xbe,0xff,0xff,0xff,0x7f,0xff,0xff,0x4b,0xff,
    0xff,0xa4,0x5d,0xef,0x18,0xd6,0xcf,0xa3,0x49,0x82,0xa3,0x69,0xc8,0xab,0xc9,0xc4,
    0xab,0xd5,0x6d,0xf6,0x6d,0xf6,0x6d,0xfe,0x6d,0xf6,0x6d,0xfe,0x6d,0xf6,0x6d,0xf6,
    0x6d,0xf6,0x6d,0xf6,0x6d,0xf6,0x8d,0xf6,0x2d,0xee,0x6b,0xd5,0x8d,0xf6,0x6d,0xfe,
    0x6d,0xfe,0x6d,0xf6,0x6d,0xf6,0x4b,0xdd,0xc9,0xc4,0xc8,0xab,0x83,0x71,0x08,0x7a,
    0xce,0x9b,0x55,0xc5,0xfb,0xe6,0x7d,0xf7,0xff,0xff,0x7f,0xff,0xff,0x4f,0xff,0xff,
    0x9f,0xbe,0xff,0x5d,0xef,0x16,0xd6,0xc8,0xab,0x65,0x9b,0x65,0x9b,0x2d,0xee,0x6d,
    0xf6,0x6d,0xf6,0x6d,0xf6,0x6d,0xf6,0x6d,0xfe,0x6d,0xfe,0x6d,0xfe,0x6d,0xfe,0x6d,
    0xfe,0x8d,0xfe,0x4b,0xd5,0x04,0x7a,0x2d,0xee,0x8d,0xfe,0x6d,0xfe,0x8d,0xfe,0x2d,
    0xee,0x25,0x9b,0x45,0x93,0xa6,0xa3,0x96,0xcd,0x5d,0xef,0xbe,0xff,0xff,0xff,0x7f,
    0xff,0xff,0x54,0xff,0xff,0x9b,0x16,0xd6,0x8e,0xf6,0x8e,0xf6,0x6e,0xf6,0x6d,0xf6,
    0x6d,0xf6,0x6d,0xf6,0x6d,0xf6,0x6d,0xf6,0x6d,0xfe,0x6d,0xfe,0x6d,0xfe,0x6d,0xf6,
    0x6d,0xfe,0x8d,0xfe,0x2d,0xee,0x04,0x7a,0xc9,0xc4,0xae,0xfe,0x6d,0xf6,0x6d,0xfe,
    0x6d,0xfe,0x8e,0xf6,0xf4,0xf6,0xd1,0xf6,0x96,0xd5,0xff,0xff,0x7f,0xff,0xff,0x56,
    0xff,0xff,0x9b,0x16,0xd6,0x8e,0xf6,0x8e,0xf6,0x6e,0xf6,0x6d,0xf6,0x6d,0xf6,0x6d,
    0xf6,0x6d,0xf6,0x6d,0xf6,0x6d,0xfe,0x6d,0xfe,0x6d,0xfe,0x6d,0xf6,0x6d,0xfe,0x8d,
    0xfe,0x2d,0xee,0x04,0x7a,0xc9,0xc4,0xae,0xfe,0x6d,0xf6,0x6d,0xfe,0x6d,0xfe,0x8e,
    0xf6,0xf4,0xf6,0xd1,0xf6,0x96,0xd5,0xff,0xff,0x7f,0xff,0xff,0x55,0xff,0xff,0x9d,
    0xbe,0xff,0xd3,0xbc,0xce,0xfe,0x8d,0xf6,0x8d,0xfe,0x6d,0xfe,0x6d,0xf6,0x6d,0xfe,
    0x6d,0xf6,0x6d,0xf6,0x6d,0xf6,0x6d,0xf6,0x8d,0xf6,0x6d,0xf6,0x6d,0xfe,0x6d,0xf6,
    0x8d,0xfe,0x88,0xbc,0x83,0x82,0x2d,0xee,0x8d,0xf6,0x6d,0xfe,0x6d,0xf6,0x34,0xff,
    0xdc,0xff,0x9a,0xff,0x92,0xac,0xbe,0xff,0xff,0xff,0x7f,0xff,0xff,0x54,0xff,0xff,
    0x9d,0x7d,0xf7,0x8e,0x9b,0xae,0xfe,0x6d,0xf6,0x6d,0xf6,0x6d,0xf6,0x6d,0xf6,0x6d,
    0xf6,0x6d,0xf6,0x6d,0xf6,0x2d,0xee,0x08,0xb4,0x2d,0xe6,0x8d,0xfe,0x8d,0xf6,0x6d,
    0xf6,0x8d,0xf6,0x2d,0xee,0x83,0x82,0xc8,0xab,0x6d,0xf6,0x6d,0xfe,0x6d,0xfe,0x79,
    0xff,0xff,0xff,0xdc,0xff,0x4c,0x8b,0x7d,0xf7,0xff,0xff,0x7f,0xff,0xff,0x54,0xff,
    0xff,0x9d,0xfb,0xe6,0xa8,0x8a,0x8d,0xfe,0x8d,0xf6,0x8d,0xf6,0x6d,0xfe,0x6d,0xf6,
    0x6d,0xf6,0x6d,0xf6,0x6d,0xf6,0x6d,0xf6,0x45,0x93,0x65,0x9b,0x8d,0xf6,0x6d,0xfe,
    0x6d,0xfe,0x6d,0xf6,0x8d,0xfe,0x2d,0xe6,0x04,0x7a,0xae,0xfe,0x6d,0xfe,0x6d,0xf6,
    0x37,0xf7,0xff,0xff,0xdc,0xff,0x08,0x7a,0xfb,0xe6,0xff,0xff,0x7f,0xff,0xff,0x45,
    0xff,0xff,0xac,0x7d,0xf7,0x59,0xd6,0x14,0xbd,0x92,0xac,0xd3,0xbc,0x59,0xd6,0x1c,
    0xf7,0xbe,0xff,0xff,0xff,0xff,0xff,0xff,0xff,0xff,0xff,0xff,0xff,0xff,0xff,0xff,
    0xff,0x18,0xd6,0x84,0x8a,0x6d,0xfe,0x6d,0xfe,0x6d,0xfe,0x6d,0xf6,0x6d,0xf6,0x6d,
    0xfe,0x6d,0xf6,0x6d,0xf6,0x6d,0xf6,0xcc,0xdd,0x83,0x82,0x04,0xac,0x6d,0xfe,0x6d,
    0xf6,0x6d,0xfe,0x8d,0xfe,0xce,0xf6,0x0b,0xcd,0x0c,0xe6,0x8d,0xf6,0x6d,0xf6,0x8e,
    0xf6,0x79,0xff,0x57,0xff,0x83,0x82,0x18,0xd6,0xff,0xff,0x7f,0xff,0xff,0x44,0xff,
    0xff,0xae,0x59,0xd6,0xce,0x9b,0x89,0x82,0x45,0x93,0x46,0xa3,0x27,0x9b,0xcb,0x82,
    0x4c,0x8b,0x14,0xbd,0x1c,0xef,0xbe,0xff,0xff,0xff,0xff,0xff,0xff,0xff,0xff,0xff,
    0xff,0xff,0x14,0xbd,0x27,0x9b,0x6d,0xf6,0x6d,0xfe,0x6d,0xfe,0x6d,0xf6,0x6d,0xf6,
    0x6d,0xfe,0x6d,0xfe,0x6d,0xfe,0x6d,0xf6,0xae,0xfe,0x4d,0xd5,0x04,0x7a,0x8e,0xf6,
    0x8d,0xfe,0x6d,0xf6,0x6d,0xfe,0x8d,0xf6,0x6d,0xf6,0x47,0xb4,0xae,0xfe,0x6d,0xf6,
    0x6d,0xfe,0x6d,0xf6,0x6e,0xfe,0x25,0x9b,0xd3,0xbc,0xbe,0xff,0xff,0xff,0x7f,0xff,
    0xff,0x43,0xff,0xff,0xae,0x49,0x7a,0x08,0xb4,0xcc,0xdd,0x8d,0xf6,0x8d,0xfe,0x8e,
    0xf6,0x9a,0xe6,0x96,0xcd,0xce,0x9b,0x89,0x82,0x50,0xac,0x9a,0xe6,0xff,0xff,0xff,
    0xff,0xff,0xff,0xbe,0xff,0x10,0xa4,0x08,0xb4,0x6d,0xfe,0x6d,0xfe,0x6d,0xfe,0x6d,
    0xf6,0x6d,0xf6,0x6d,0xfe,0x6d,0xfe,0x6d,0xfe,0x6d,0xf6,0x8d,0xf6,0x8d,0xfe,0x6b,
    0xd5,0x07,0xb4,0x2d,0xee,0x8d,0xfe,0x8d,0xfe,0x6d,0xfe,0x8d,0xf6,0x05,0x93,0x8e,
    0xf6,0x6d,0xfe,0x6d,0xfe,0x6d,0xfe,0x6d,0xf6,0x47,0xb4,0xce,0x9b,0x7d,0xf7,0xff,
    0xff,0x7f,0xff,0xff,0x43,0xff,0xff,0xae,0x49,0x7a,0x08,0xb4,0xcc,0xdd,0x8d,0xf6,
    0x8d,0xfe,0x8e,0xf6,0x9a,0xe6,0x96,0xcd,0xce,0x9b,0x89,0x82,0x50,0xac,0x9a,0xe6,
    0xff,0xff,0xff,0xff,0xff,0xff,0xbe,0xff,0x10,0xa4,0x08,0xb4,0x6d,0xfe,0x6d,0xfe,
    0x6d,0xfe,0x6d,0xf6,0x6d,0xf6,0x6d,0xfe,0x6d,0xfe,0x6d,0xfe,0x6d,0xf6,0x8d,0xf6,
    0x8d,0xfe,0x6b,0xd5,0x07,0xb4,0x2d,0xee,0x8d,0xfe,0x8d,0xfe,0x6d,0xfe,0x8d,0xf6,
    0x05,0x93,0x8e,0xf6,0x6d,0xfe,0x6d,0xfe,0x6d,0xfe,0x6d,0xf6,0x47,0xb4,0xce,0x9b,
    0x7d,0xf7,0xff,0xff,0x7f,0xff,0xff,0x42,0xff,0xff,0xaf,0x1c,0xf7,0xc9,0xc4,0xce,
    0xf6,0x8d,0xf6,0x6d,0xfe,0x8d,0xfe,0x8e,0xf6,0xff,0xff,0xff,0xff,0x79,0xff,0xae,
    0xdd,0x65,0x9b,0x86,0x69,0x1c,0xf7,0xff,0xff,0xff,0xff,0x5d,0xef,0x0c,0x8b,0xcc,
    0xcc,0x6d,0xf6,0x6d,0xf6,0x6d,0xfe,0x6d,0xfe,0x6d,0xf6,0x6d,0xfe,0x6d,0xf6,0x6d,
    0xf6,0x6d,0xf6,0x6d,0xf6,0x6d,0xf6,0x8d,0xfe,0x04,0x7a,0xc4,0x8a,0x4d,0xd5,0x8e,
    0xf6,0xae,0xfe,0x8e,0xf6,0xc6,0xab,0xae,0xfe,0x6d,0xfe,0x6d,0xf6,0x6d,0xf6,0x6d,
    0xf6,0xcc,0xcc,0x0c,0x8b,0x5d,0xef,0xff,0xff,0x7f,0xff,0xff,0x41,0xff,0xff,0xb0,
    0xbe,0xff,0x96,0xc5,0x8e,0xf6,0x8d,0xf6,0x6e,0xfe,0x6d,0xfe,0x6d,0xf6,0xd1,0xf6,
    0xff,0xff,0xff,0xff,0x57,0xff,0x8e,0xf6,0x8d,0xf6,0xab,0xd5,0xcb,0x82,0xd7,0xcd,
    0x7d,0xf7,0xfb,0xe6,0x89,0x82,0x4d,0xd5,0x6d,0xfe,0x6d,0xf6,0x6d,0xfe,0x6d,0xfe,
    0x6d,0xf6,0x6d,0xf6,0x6d,0xf6,0x6d,0xf6,0x6d,0xfe,0x6d,0xfe,0x6d,0xfe,0x6d,0xf6,
    0x2d,0xee,0x08,0xb4,0x02,0x72,0x22,0x7a,0x05,0x93,0x83,0x82,0xce,0xe5,0x8d,0xfe,
    0x6d,0xf6,0x6d,0xfe,0x6d,0xf6,0x8d,0xfe,0x8c,0xdd,0x89,0x82,0x9a,0xe6,0xff,0xff,
    0x7f,0xff,0xff,0x41,0xff,0xff,0xb0,0xbf,0xf7,0x10,0xa4,0xae,0xfe,0x6d,0xfe,0x6d,
    0xfe,0x6d,0xfe,0x8e,0xf6,0x79,0xff,0xff,0xff,0xbe,0xff,0x12,0xff,0x6d,0xf6,0x6d,
    0xfe,0xd1,0xf6,0xd3,0xbc,0x0c,0x8b,0x92,0xac,0x16,0xd6,0x89,0x82,0xcc,0xdd,0x6d,
    0xf6,0x6d,0xf6,0x6d,0xfe,0x6d,0xfe,0x6d,0xfe,0x6d,0xf6,0x6d,0xf6,0x6d,0xf6,0x6d,
    0xfe,0x6d,0xfe,0x6d,0xfe,0x6d,0xfe,0x8d,0xfe,0x8d,0xf6,0xcc,0xdd,0xc9,0xbc,0x08,
    0xb4,0xc9,0xbc,0x6e,0xfe,0x6d,0xf6,0x6d,0xf6,0x6d,0xf6,0x6d,0xf6,0x6d,0xf6,0x0c,
    0xe6,0x45,0x8a,0x18,0xd6,0xff,0xff,0x7f,0xff,0xff,0x41,0xff,0xff,0xb0,0xbf,0xf7,
    0xce,0x9b,0xae,0xfe,0x6d,0xfe,0x6d,0xfe,0x6d,0xf6,0xd1,0xf6,0xdc,0xff,0xff,0xff,
    0x9a,0xff,0x8e,0xf6,0x6d,0xfe,0x6d,0xf6,0xf4,0xf6,0xbe,0xff,0x9a,0xe6,0x88,0xa3,
    0xc7,0x69,0x83,0x82,0x2d,0xee,0x6d,0xfe,0x6d,0xf6,0x6d,0xf6,0x6d,0xf6,0x6d,0xf6,
    0x6d,0xf6,0x6d,0xfe,0x6d,0xf6,0x6d,0xf6,0x6d,0xf6,0x6d,0xf6,0x6d,0xf6,0x6d,0xf6,
    0x6d,0xfe,0x8d,0xf6,0xae,0xfe,0xae,0xfe,0xae,0xfe,0x6d,0xfe,0x6d,0xfe,0x6d,0xf6,
    0x6d,0xfe,0x8d,0xf6,0x8e,0xf6,0x6e,0xf6,0xc4,0x8a,0xd7,0xcd,0xff,0xff,0x7f,0xff,
    0xff,0x42,0xff,0xff,0xaf,0x92,0xac,0x8d,0xf6,0x6d,0xfe,0x6d,0xfe,0x6d,0xf6,0x57,
    0xff,0xff,0xff,0xff,0xff,0x35,0xf7,0x6d,0xfe,0x6d,0xfe,0x6d,0xf6,0x79,0xff,0xff,
    0xff,0x9c,0xff,0x91,0xf6,0xa6,0xa3,0xc4,0x8a,0x6d,0xf6,0x6d,0xf6,0x6d,0xf6,0x6d,
    0xfe,0x6d,0xf6,0x6d,0xfe,0x6d,0xf6,0x6d,0xf6,0x6d,0xf6,0x6d,0xfe,0x6d,0xfe,0x6d,
    0xfe,0x6d,0xfe,0x6d,0xf6,0x6d,0xfe,0x6d,0xf6,0x6d,0xf6,0x6d,0xfe,0x6d,0xf6,0x6d,
    0xf6,0x6d,0xf6,0x6d,0xfe,0x6d,0xfe,0xd1,0xfe,0x9a,0xff,0x8e,0xf6,0x05,0x93,0xd7,
    0xcd,0xff,0xff,0x7f,0xff,0xff,0x42,0xff,0xff,0xaf,0x59,0xde,0x2d,0xe6,0x8d,0xfe,
    0x6d,0xf6,0x91,0xf6,0x9c,0xff,0xff,0xff,0x9c,0xff,0xae,0xfe,0x6d,0xfe,0x6d,0xfe,
    0xd1,0xf6,0xdc,0xff,0xbe,0xff,0x37,0xf7,0xce,0xf6,0x8b,0xc4,0x05,0x93,0x6d,0xf6,
    0x6d,0xfe,0x6d,0xfe,0x6d,0xfe,0x6d,0xfe,0x6d,0xf6,0x6d,0xf6,0x6d,0xf6,0x6d,0xf6,
    0x6d,0xfe,0x6d,0xfe,0x6d,0xfe,0x6d,0xfe,0x6d,0xfe,0x6d,0xfe,0x6d,0xfe,0x6d,0xfe,
    0x6d,0xf6,0x6d,0xf6,0x6d,0xf6,0x6d,0xf6,0x6d,0xfe,0x6d,0xf6,0x34,0xff,0xff,0xff,
    0x12,0xf7,0x45,0x93,0x96,0xcd,0xff,0xff,0x7f,0xff,0xff,0x42,0xff,0xff,0xaf,0x59,
    0xde,0x2d,0xe6,0x8d,0xfe,0x6d,0xf6,0x91,0xf6,0x9c,0xff,0xff,0xff,0x9c,0xff,0xae,
    0xfe,0x6d,0xfe,0x6d,0xfe,0xd1,0xf6,0xdc,0xff,0xbe,0xff,0x37,0xf7,0xce,0xf6,0x8b,
    0xc4,0x05,0x93,0x6d,0xf6,0x6d,0xfe,0x6d,0xfe,0x6d,0xfe,0x6d,0xfe,0x6d,0xf6,0x6d,
    0xf6,0x6d,0xf6,0x6d,0xf6,0x6d,0xfe,0x6d,0xfe,0x6d,0xfe,0x6d,0xfe,0x6d,0xfe,0x6d,
    0xfe,0x6d,0xfe,0x6d,0xfe,0x6d,0xf6,0x6d,0xf6,0x6d,0xf6,0x6d,0xf6,0x6d,0xfe,0x6d,
    0xf6,0x34,0xff,0xff,0xff,0x12,0xf7,0x45,0x93,0x96,0xcd,0xff,0xff,0x7f,0xff,0xff,
    0x42,0xff,0xff,0xaf,0xbe,0xff,0x07,0xb4,0x8e,0xf6,0x8d,0xf6,0x79,0xff,0xff,0xff,
    0xff,0xff,0x37,0xf7,0x6d,0xf6,0x6d,0xfe,0x6d,0xf6,0x57,0xff,0xff,0xff,0x9c,0xff,
    0x91,0xf6,0xce,0xf6,0x8b,0xbc,0x05,0x93,0x6e,0xf6,0x6d,0xfe,0x6d,0xf6,0x6d,0xfe,
    0x6d,0xf6,0x6d,0xf6,0x6d,0xfe,0x6d,0xf6,0x6d,0xf6,0x6d,0xfe,0x6d,0xf6,0x6d,0xf6,
    0x6d,0xfe,0x6d,0xf6,0x6d,0xf6,0x6d,0xfe,0x6d,0xf6,0x6d,0xf6,0x6d,0xf6,0x6d,0xf6,
    0x6d,0xf6,0x6d,0xf6,0x6d,0xf6,0x34,0xff,0xbe,0xff,0x35,0xf7,0x27,0x9b,0x96,0xc5,
    0xff,0xff,0x7f,0xff,0xff,0x43,0xff,0xff,0xae,0x89,0x82,0xc9,0xc4,0xf4,0xf6,0xbe,
    0xff,0xff,0xff,0xff,0xff,0x8e,0xf6,0x8d,0xf6,0x6d,0xfe,0xd1,0xfe,0xdc,0xff,0xff,
    0xff,0x37,0xf7,0x6d,0xf6,0xae,0xfe,0xc9,0xbc,0xc4,0x8a,0x6e,0xf6,0x6d,0xf6,0x6d,
    0xf6,0x6d,0xfe,0x6d,0xfe,0x6d,0xfe,0x6d,0xf6,0x6d,0xfe,0x6d,0xf6,0x6d,0xf6,0x6d,
    0xf6,0x6d,0xf6,0x6d,0xf6,0x6d,0xf6,0x6d,0xf6,0x6d,0xf6,0x6d,0xf6,0x6d,0xfe,0x6d,
    0xfe,0x6d,0xfe,0x6d,0xfe,0x6d,0xf6,0x6d,0xf6,0xb0,0xfe,0x9a,0xff,0xd1,0xf6,0x45,
    0x93,0x96,0xcd,0xff,0xff,0x7f,0xff,0xff,0x43,0xff,0xff,0xae,0x96,0xcd,0x49,0x7a,
    0x14,0xc5,0xbe,0xff,0xff,0xff,0xdc,0xff,0x8d,0xf6,0x8d,0xfe,0x8e,0xf6,0x79,0xff,
    0xff,0xff,0xff,0xff,0xb0,0xfe,0x6d,0xf6,0xae,0xfe,0x0b,0xcd,0x83,0x82,0x2d,0xee,
    0x8d,0xf6,0x6d,0xf6,0x6d,0xf6,0x6d,0xf6,0x6d,0xf6,0x6d,0xf6,0x6d,0xfe,0x6d,0xf6,
    0x6d,0xf6,0x6d,0xf6,0x6d,0xf6,0x6d,0xf6,0x6d,0xfe,0x6d,0xf6,0x6d,0xfe,0x6d,0xf6,
    0x6d,0xfe,0x6d,0xf6,0x6d,0xf6,0x6d,0xf6,0x6d,0xfe,0x6d,0xfe,0x6d,0xfe,0xb0,0xfe,
    0x6d,0xf6,0xc4,0x8a,0xd7,0xcd,0xff,0xff,0x7f,0xff,0xff,0x42,0xff,0xff,0xaf,0xbe,
    0xff,0xbe,0xff,0x16,0xd6,0x8a,0x7a,0x50,0xac,0xfb,0xe6,0x37,0xf7,0x8d,0xf6,0x6d,
    0xf6,0xf4,0xf6,0xdc,0xff,0xff,0xff,0xff,0xff,0x6d,0xf6,0x6d,0xfe,0x6d,0xfe,0x0c,
    0xe6,0x04,0x7a,0xab,0xd5,0x8d,0xfe,0x6d,0xf6,0x6d,0xf6,0x6d,0xfe,0x6d,0xfe,0x6d,
    0xf6,0x6d,0xf6,0x6d,0xfe,0x6d,0xf6,0x6d,0xf6,0x6d,0xf6,0x6d,0xf6,0x6d,0xf6,0x6d,
    0xf6,0x6d,0xf6,0x6d,0xfe,0x6d,0xf6,0x6d,0xf6,0x6d,0xf6,0x6d,0xf6,0x6d,0xf6,0x6d,
    0xfe,0x6d,0xfe,0x6d,0xfe,0xcc,0xdd,0x89,0x82,0x9a,0xe6,0xff,0xff,0x7f,0xff,0xff,
    0x45,0xff,0xff,0xac,0xfb,0xe6,0x8e,0x93,0x49,0x7a,0x8b,0xbc,0x8d,0xf6,0xd1,0xf6,
    0x9c,0xff,0xff,0xff,0xff,0xff,0x9a,0xff,0x6d,0xfe,0x6d,0xfe,0x6d,0xfe,0x6d,0xf6,
    0x45,0x93,0x08,0xb4,0x6d,0xf6,0x6d,0xf6,0x6d,0xf6,0x6d,0xf6,0x6d,0xf6,0x6d,0xfe,
    0x6d,0xfe,0x6d,0xf6,0x6d,0xf6,0x6d,0xf6,0x6d,0xfe,0x6d,0xf6,0x6d,0xf6,0x6d,0xf6,
    0x6d,0xf6,0x6d,0xf6,0x6d,0xfe,0x6d,0xf6,0x6d,0xfe,0x6d,0xf6,0x6d,0xf6,0x6d,0xf6,
    0x6d,0xfe,0x6d,0xf6,0x88,0xbc,0x8e,0x9b,0x7d,0xf7,0xff,0xff,0x7f,0xff,0xff,0x46,
    0xff,0xff,0xaa,0x7d,0xf7,0x55,0xc5,0x4c,0x8b,0x07,0xb4,0x96,0xcd,0xfb,0xe6,0x7d,
    0xf7,0x9c,0xff,0x34,0xff,0x8d,0xf6,0x8d,0xf6,0x8d,0xfe,0xce,0xfe,0x4b,0xd5,0x83,
    0x82,0x8d,0xf6,0x6d,0xfe,0x6d,0xfe,0x6d,0xfe,0x6d,0xfe,0x6d,0xfe,0x6d,0xfe,0x6d,
    0xf6,0x6d,0xf6,0x6d,0xf6,0x6d,0xf6,0x6d,0xfe,0x6d,0xf6,0x6d,0xf6,0x6d,0xf6,0x6d,
    0xf6,0x6d,0xf6,0x6d,0xf6,0x6d,0xf6,0x6d,0xfe,0x6d,0xf6,0x6d,0xf6,0x6d,0xfe,0x8d,
    0xf6,0x83,0x82,0x96,0xc5,0xff,0xff,0x7f,0xff,0xff,0x47,0xff,0xff,0xaa,0x7d,0xf7,
    0x55,0xc5,0x4c,0x8b,0x07,0xb4,0x96,0xcd,0xfb,0xe6,0x7d,0xf7,0x9c,0xff,0x34,0xff,
    0x8d,0xf6,0x8d,0xf6,0x8d,0xfe,0xce,0xfe,0x4b,0xd5,0x83,0x82,0x8d,0xf6,0x6d,0xfe,
    0x6d,0xfe,0x6d,0xfe,0x6d,0xfe,0x6d,0xfe,0x6d,0xfe,0x6d,0xf6,0x6d,0xf6,0x6d,0xf6,
    0x6d,0xf6,0x6d,0xfe,0x6d,0xf6,0x6d,0xf6,0x6d,0xf6,0x6d,0xf6,0x6d,0xf6,0x6d,0xf6,
    0x6d,0xf6,0x6d,0xfe,0x6d,0xf6,0x6d,0xf6,0x6d,0xfe,0x8d,0xf6,0x83,0x82,0x96,0xc5,
    0xff,0xff,0x7f,0xff,0xff,0x48,0xff,0xff,0xa9,0xbe,0xff,0x1c,0xef,0xcf,0xa3,0x0c,
    0x8b,0x4c,0x8b,0x10,0xa4,0x91,0xbc,0xc9,0xbc,0xab,0xd5,0xcc,0xdd,0xcc,0xdd,0xcc,
    0xdd,0xcc,0xdd,0xa8,0x8a,0x8e,0xf6,0x8d,0xfe,0x6d,0xfe,0x6d,0xfe,0x6d,0xfe,0x6d,
    0xfe,0x6d,0xf6,0x6d,0xf6,0x6d,0xfe,0x6d,0xfe,0x6d,0xfe,0x6d,0xf6,0x6d,0xf6,0x6d,
    0xf6,0x6d,0xf6,0x6d,0xf6,0x6d,0xf6,0x6d,0xf6,0x6d,0xf6,0x6d,0xf6,0x6d,0xf6,0x6d,
    0xfe,0x8d,0xfe,0x6d,0xf6,0xce,0x9b,0x5d,0xef,0xff,0xff,0x7f,0xff,0xff,0x4a,0xff,
    0xff,0xa6,0xbe,0xff,0x7d,0xf7,0x59,0xde,0x96,0xcd,0x92,0xbc,0xce,0x9b,0x49,0x82,
    0xc7,0x71,0x86,0x71,0x45,0x71,0x24,0x71,0x86,0x71,0xc4,0x8a,0x0c,0xde,0x8e,0xf6,
    0x8d,0xfe,0x8d,0xf6,0x8d,0xfe,0x6d,0xf6,0x6d,0xf6,0x6d,0xfe,0x6d,0xfe,0x6d,0xfe,
    0x6d,0xf6,0x6d,0xf6,0x6d,0xf6,0x6d,0xf6,0x6d,0xfe,0x6d,0xf6,0x6d,0xf6,0x8d,0xfe,
    0x6d,0xf6,0x8d,0xfe,0xce,0xf6,0xcc,0xdd,0x05,0x93,0x1c,0xef,0xff,0xff,0x7f,0xff,
    0xff,0x50,0xff,0xff,0xa0,0xbe,0xff,0x7d,0xf7,0x7d,0xf7,0x5d,0xef,0x1c,0xef,0x1c,
    0xef,0x1c,0xef,0x92,0xac,0xc7,0x69,0x65,0x9b,0x4b,0xd5,0xec,0xed,0x6b,0xd5,0x6d,
    0xfe,0x6d,0xfe,0x6d,0xfe,0x6d,0xfe,0x6d,0xfe,0x6d,0xfe,0x8d,0xfe,0x6d,0xf6,0x8d,
    0xfe,0x8d,0xfe,0xae,0xfe,0xae,0xfe,0x6d,0xf6,0x2d,0xee,0x4b,0xd5,0x65,0x9b,0x01,
    0x61,0x0c,0x8b,0xff,0xff,0x7f,0xff,0xff,0x58,0xff,0xff,0x99,0xbe,0xff,0x59,0xde,
    0x92,0xac,0xcb,0x82,0x22,0x7a,0x04,0x7a,0x8d,0xf6,0x6d,0xfe,0x6d,0xfe,0x6d,0xfe,
    0x6d,0xfe,0x6d,0xfe,0x0b,0xcd,0xa6,0xa3,0x4b,0xd5,0x0b,0xcd,0xc9,0xc4,0x47,0xb4,
    0xc4,0x8a,0x04,0x7a,0x83,0x82,0xc8,0xab,0x27,0x9b,0xce,0x9b,0xff,0xff,0x7f,0xff,
    0xff,0x5a,0xff,0xff,0x97,0xbe,0xff,0x1c,0xef,0xf8,0xd5,0x04,0x7a,0xce,0xf6,0x6d,
    0xfe,0x6d,0xfe,0x6d,0xfe,0x8d,0xfe,0x8e,0xf6,0x08,0x7a,0x0c,0x8b,0x4d,0x9b,0xcb,
    0x8a,0x03,0x69,0x22,0x7a,0x08,0xbd,0xab,0xd5,0x6e,0xf6,0x2d,0xe6,0x09,0x8b,0x14,
    0xbd,0xff,0xff,0x7f,0xff,0xff,0x5c,0xff,0xff,0x95,0xbe,0xff,0xce,0x9b,0x8e,0xf6,
    0xce,0xfe,0xae,0xfe,0x8d,0xf6,0x2d,0xe6,0x88,0xbc,0x55,0xc5,0x7d,0xf7,0x7d,0xf7,
    0xdb,0xee,0x92,0xbc,0x89,0x82,0x0b,0xcd,0x2d,0xe6,0x0c,0xde,0xa6,0xa3,0x0c,0x8b,
    0x1c,0xef,0xff,0xff,0x7f,0xff,0xff,0x5c,0xff,0xff,0x95,0xbe,0xff,0xce,0x9b,0x8e,
    0xf6,0xce,0xfe,0xae,0xfe,0x8d,0xf6,0x2d,0xe6,0x88,0xbc,0x55,0xc5,0x7d,0xf7,0x7d,
    0xf7,0xdb,0xee,0x92,0xbc,0x89,0x82,0x0b,0xcd,0x2d,0xe6,0x0c,0xde,0xa6,0xa3,0x0c,
    0x8b,0x1c,0xef,0xff,0xff,0x7f,0xff,0xff,0x5d,0xff,0xff,0x93,0x9a,0xe6,0x27,0x9b,
    0x89,0xc4,0x8b,0xc4,0x88,0xa3,0x04,0x7a,0x0c,0x8b,0xbe,0xff,0xff,0xff,0xff,0xff,
    0xff,0xff,0xbe,0xff,0xfb,0xe6,0xaa,0x8a,0x43,0x71,0x45,0x71,0x8e,0x93,0x9a,0xe6,
    0xff,0xff,0x7f,0xff,0xff,0x5f,0xff,0xff,0x91,0xd3,0xbc,0x10,0xa4,0x10,0xa4,0x92,
    0xac,0x16,0xd6,0x7d,0xf7,0xff,0xff,0xff,0xff,0xff,0xff,0xff,0xff,0xff,0xff,0xff,
    0xff,0x5d,0xef,0xfb,0xe6,0xfb,0xe6,0x7d,0xf7,0xff,0xff,0x7f,0xff,0xff,0x60,0xff,
    0xff,0x85,0xbe,0xff,0xbe,0xff,0xbe,0xff,0xbe,0xff,0xff,0xff,0x7f,0xff,0xff,0x7f,
    0xff,0xff,0x7f,0xff,0xff,0x7f,0xff,0xff,0x7f,0xff,0xff,0x7f,0xff,0xff,0x7f,0xff,
    0xff,0x7f,0xff,0xff,0x7f,0xff,0xff,0x7f,0xff,0xff,0x7f,0xff,0xff,0x7f,0xff,0xff,
    0x7f,0xff,0xff,0x7f,0xff,0xff,0x7f,0xff,0xff,0x7f,0xff,0xff,0x7f,0xff,0xff,0x7f,
    0xff,0xff,0x7f,0xff,0xff,0x7f,0xff,0xff,0x7f,0xff,0xff,0x7f,0xff,0xff,0x7f,0xff,
    0xff,0x7f,0xff,0xff,0x7f,0xff,0xff,0x7f,0xff,0xff,0x7f,0xff,0xff,0x7f,0xff,0xff,
    0x7f,0xff,0xff,0x7f,0xff,0xff,0x7f,0xff,0xff,0x7f,0xff,0xff,0x7f,0xff,0xff,0x7f,
    0xff,0xff,0x7f,0xff,0xff,0x7f,0xff,0xff,0x7f,0xff,0xff,0x7f,0xff,0xff,0x7f,0xff,
    0xff,0x7f,0xff,0xff,0x7f,0xff,0xff,0x7f,0xff,0xff,0x7f,0xff,0xff,0x7f,0xff,0xff,
    0x7f,0xff,0xff,0x7f,0xff,0xff,0x7f,0xff,0xff,0x7f,0xff,0xff,0x7f,0xff,0xff,0x7f,
    0xff,0xff,0x7f,0xff,0xff,0x7f,0xff,0xff,0x7f,0xff,0xff,0x7f,0xff,0xff,0x7f,0xff,
    0xff,0x7f,0xff,0xff,0x7f,0xff,0xff,0x1f,0xff,0xff,0x84,0xbe,0xff,0x7d,0xf7,0xfb,
    0xe6,0x9a,0xe6,0x7f,0x9a,0xe6,0x2e,0x9a,0xe6,0x84,0xfb,0xe6,0x5d,0xef,0xbe,0xff,
    0xff,0xff,0x3b,0xff,0xff,0x84,0xbe,0xff,0x7d,0xf7,0xfb,0xe6,0x9a,0xe6,0x7f,0x9a,
    0xe6,0x2e,0x9a,0xe6,0x84,0xfb,0xe6,0x5d,0xef,0xbe,0xff,0xff,0xff,0x39,0xff,0xff,
    0x86,0xbe,0xff,0x9a,0xee,0xd3,0xbc,0x4d,0x9b,0x89,0x82,0xc7,0x71,0x7f,0xc7,0x71,
    0x2c,0xc7,0x71,0x88,0x08,0x72,0xc7,0x71,0x08,0x7a,0x0c,0x9b,0x92,0xbc,0x59,0xde,
    0xbe,0xff,0xff,0xff,0x36,0xff,0xff,0x88,0x7d,0xf7,0xd3,0xbc,0x08,0x7a,0x61,0x58,
    0xa3,0x69,0xc4,0x92,0x25,0x9b,0x45,0x93,0x7f,0x45,0x93,0x2a,0x45,0x93,0x8a,0x25,
    0x9b,0x45,0x93,0x45,0x93,0xc4,0x8a,0xc3,0x71,0xe2,0x60,0x86,0x69,0x92,0xbc,0x1c,
    0xf7,0xff,0xff,0x35,0xff,0xff,0x87,0xce,0x9b,0x03,0x69,0xc4,0x8a,0x4b,0xd5,0x0f,
    0xee,0x8e,0xf6,0xce,0xf6,0x7f,0xce,0xf6,0x2e,0xce,0xf6,0x87,0x8e,0xf6,0x6d,0xf6,
    0xab,0xd5,0x65,0x9b,0x03,0x69,0x0c,0x8b,0xff,0xff,0x34,0xff,0xff,0x8b,0x7d,0xf7,
    0x03,0x69,0xc8,0xab,0x2d,0xee,0xce,0xf6,0x8d,0xf6,0x8d,0xf6,0x6d,0xf6,0x6d,0xfe,
    0x6d,0xf6,0x8d,0xf6,0x7f,0x8d,0xf6,0x2d,0x8d,0xf6,0x86,0xae,0xfe,0x6e,0xf6,0x88,
    0xbc,0x03,0x69,0x5d,0xef,0xff,0xff,0x33,0xff,0xff,0xc8,0xd7,0xcd,0x45,0x93,0x6e,
    0xf6,0x8d,0xf6,0x6d,0xf6,0x6d,0xfe,0x6d,0xfe,0x6d,0xf6,0x6d,0xf6,0x6d,0xf6,0x6d,
    0xf6,0x6d,0xf6,0x6d,0xf6,0x6d,0xf6,0x6d,0xf6,0x6d,0xfe,0x6d,0xf6,0x6d,0xf6,0x6d,
    0xf6,0x6d,0xfe,0x6d,0xf6,0x6d,0xf6,0x6d,0xf6,0x6d,0xf6,0x6d,0xfe,0x6d,0xf6,0x6d,
    0xf6,0x6d,0xf6,0x6d,0xf6,0x6d,0xf6,0x6d,0xf6,0x6d,0xf6,0x6d,0xf6,0x6d,0xf6,0x6d,
    0xf6,0x6d,0xf6,0x6d,0xf6,0x6d,0xf6,0x6d,0xfe,0x6d,0xf6,0x6d,0xf6,0x6d,0xf6,0x6d,
    0xf6,0x6d,0xf6,0x6d,0xf6,0x6d,0xf6,0x6d,0xf6,0x6d,0xfe,0x6d,0xf6,0x6d,0xf6,0x6d,
    0xf6,0x6d,0xf6,0x6d,0xf6,0x6d,0xf6,0x6d,0xf6,0x6d,0xf6,0x6d,0xf6,0x6d,0xf6,0x6d,
    0xf6,0x6d,0xf6,0x6d,0xf6,0x6d,0xfe,0x6d,0xf6,0x6d,0xf6,0x6d,0xf6,0x6d,0xf6,0x6d,
    0xfe,0x6d,0xf6,0x6d,0xf6,0x6d,0xf6,0x6d,0xfe,0x6d,0xf6,0x11,0x6d,0xf6,0x9d,0x6d,
    0xfe,0x6d,0xf6,0x6d,0xf6,0x6d,0xf6,0x6d,0xfe,0x6d,0xf6,0x6d,0xf6,0x6d,0xf6,0x6d,
    0xfe,0x6d,0xf6,0x6d,0xf6,0x6d,0xf6,0x6d,0xf6,0x6d,0xf6,0x6d,0xf6,0x6d,0xf6,0x6d,
    0xf6,0x6d,0xf6,0x6d,0xf6,0x6d,0xf6,0x6d,0xf6,0x6d,0xf6,0x6d,0xf6,0x6d,0xfe,0x6d,
    0xf6,0x6d,0xf6,0x6d,0xf6,0x6d,0xfe,0x6d,0xf6,0x11,0x6d,0xf6,0xb7,0x6d,0xfe,0x6d,
    0xf6,0x6d,0xf6,0x6d,0xf6,0x6d,0xfe,0x6d,0xf6,0x6d,0xf6,0x6d,0xf6,0x6d,0xf6,0x6d,
    0xfe,0x6d,0xf6,0x6d,0xf6,0x6d,0xf6,0x6d,0xf6,0x6d,0xf6,0x6d,0xf6,0x6d,0xf6,0x6d,
    0xf6,0x6d,0xf6,0x6d,0xf6,0x6d,0xf6,0x6d,0xf6,0x6d,0xf6,0x6d,0xfe,0x6d,0xf6,0x6d,
    0xf6,0x6d,0xf6,0x6d,0xf6,0x6d,0xf6,0x6d,0xf6,0x6d,0xf6,0x6d,0xf6,0x6d,0xfe,0x6d,
    0xf6,0x6d,0xf6,0x6d,0xf6,0x6d,0xf6,0x6d,0xf6,0x6d,0xf6,0x6d,0xf6,0x6d,0xf6,0x6d,
    0xf6,0x6d,0xf6,0x6d,0xf6,0x6d,0xf6,0x6d,0xf6,0x6d,0xf6,0x6d,0xf6,0x6d,0xf6,0x8d,
    0xf6,0x8d,0xf6,0x07,0xb4,0x55,0xbd,0xbe,0xff,0xff,0xff,0x31,0xff,0xff,0x85,0x1c,
    0xf7,0x4d,0x9b,0xcc,0xdd,0x8d,0xfe,0x6d,0xfe,0x14,0x6d,0xfe,0x82,0x6d,0xf6,0x6d,
    0xfe,0x15,0x6d,0xfe,0x82,0x6d,0xf6,0x6d,0xfe,0x15,0x6d,0xfe,0x9d,0x6d,0xf6,0x6d,
    0xfe,0x6d,0xfe,0x6d,0xfe,0x6d,0xfe,0x6d,0xfe,0x6d,0xfe,0x6d,0xfe,0x6d,0xfe,0x6d,
    0xfe,0x6d,0xfe,0x6d,0xfe,0x6d,0xfe,0x6d,0xf6,0x6d,0xfe,0x6d,0xfe,0x6d,0xfe,0x6d,
    0xfe,0x6d,0xfe,0x6d,0xfe,0x6d,0xfe,0x6d,0xfe,0x6d,0xfe,0x6d,0xf6,0x6d,0xfe,0x6d,
    0xfe,0x6d,0xfe,0x6d,0xf6,0x6d,0xfe,0x11,0x6d,0xfe,0x82,0x6d,0xf6,0x6d,0xfe,0x1a,
    0x6d,0xfe,0x82,0x6d,0xf6,0x6d,0xfe,0x11,0x6d,0xfe,0x9b,0x6d,0xf6,0x6d,0xfe,0x6d,
    0xfe,0x6d,0xfe,0x6d,0xf6,0x6d,0xfe,0x6d,0xfe,0x6d,0xfe,0x6d,0xfe,0x6d,0xfe,0x6d,
    0xfe,0x6d,0xfe,0x6d,0xfe,0x6d,0xfe,0x6d,0xfe,0x6d,0xfe,0x6d,0xfe,0x6d,0xfe,0x6d,
    0xfe,0x6d,0xf6,0x6d,0xfe,0x8d,0xf6,0x8d,0xf6,0x2d,0xee,0x89,0x82,0x1c,0xef,0xff,
    0xff,0x31,0xff,0xff,0x85,0x1c,0xf7,0x4d,0x9b,0xcc,0xdd,0x8d,0xfe,0x6d,0xfe,0x14,
    0x6d,0xfe,0x82,0x6d,0xf6,0x6d,0xfe,0x15,0x6d,0xfe,0x82,0x6d,0xf6,0x6d,0xfe,0x15,
    0x6d,0xfe,0x9d,0x6d,0xf6,0x6d,0xfe,0x6d,0xfe,0x6d,0xfe,0x6d,0xfe,0x6d,0xfe,0x6d,
    0xfe,0x6d,0xfe,0x6d,0xfe,0x6d,0xfe,0x6d,0xfe,0x6d,0xfe,0x6d,0xfe,0x6d,0xf6,0x6d,
    0xfe,0x6d,0xfe,0x6d,0xfe,0x6d,0xfe,0x6d,0xfe,0x6d,0xfe,0x6d,0xfe,0x6d,0xfe,0x6d,
    0xfe,0x6d,0xf6,0x6d,0xfe,0x6d,0xfe,0x6d,0xfe,0x6d,0xf6,0x6d,0xfe,0x11,0x6d,0xfe,
    0x82,0x6d,0xf6,0x6d,0xfe,0x1a,0x6d,0xfe,0x82,0x6d,0xf6,0x6d,0xfe,0x11,0x6d,0xfe,
    0x9b,0x6d,0xf6,0x6d,0xfe,0x6d,0xfe,0x6d,0xfe,0x6d,0xf6,0x6d,0xfe,0x6d,0xfe,0x6d,
    0xfe,0x6d,0xfe,0x6d,0xfe,0x6d,0xfe,0x6d,0xfe,0x6d,0xfe,0x6d,0xfe,0x6d,0xfe,0x6d,
    0xfe,0x6d,0xfe,0x6d,0xfe,0x6d,0xfe,0x6d,0xf6,0x6d,0xfe,0x8d,0xf6,0x8d,0xf6,0x2d,
    0xee,0x89,0x82,0x1c,0xef,0xff,0xff,0x31,0xff,0xff,0x97,0x59,0xd6,0xc3,0x60,0xae,
    0xfe,0x8d,0xf6,0x6d,0xfe,0x6d,0xfe,0x6d,0xfe,0x6d,0xfe,0x6d,0xfe,0x6d,0xfe,0x6d,
    0xfe,0x6d,0xfe,0x6d,0xfe,0x6d,0xfe,0x6d,0xfe,0x6d,0xf6,0x6d,0xfe,0x6d,0xfe,0x6d,
    0xf6,0x6d,0xfe,0x6d,0xfe,0x6d,0xf6,0x6d,0xfe,0x28,0x6d,0xfe,0xff,0x6d,0xf6,0x6d,
    0xfe,0x6d,0xfe,0x6d,0xfe,0x6d,0xfe,0x6d,0xfe,0x6d,0xfe,0x6d,0xf6,0x6d,0xfe,0x6d,
    0xf6,0x6d,0xfe,0x6d,0xfe,0x6d,0xfe,0x6d,0xfe,0x6d,0xfe,0x6d,0xfe,0x6d,0xfe,0x6d,
    0xfe,0x6d,0xfe,0x6d,0xfe,0x6d,0xf6,0x6d,0xfe,0x6d,0xfe,0x6d,0xfe,0x6d,0xfe,0x6d,
    0xfe,0x6d,0xfe,0x6d,0xfe,0x6d,0xf6,0x6d,0xfe,0x6d,0xfe,0x6d,0xfe,0x6d,0xfe,0x6d,
    0xfe,0x6d,0xfe,0x6d,0xfe,0x6d,0xfe,0x6d,0xfe,0x6d,0xf6,0x6d,0xfe,0x6d,0xfe,0x6d,
    0xfe,0x6d,0xfe,0x6d,0xfe,0x6d,0xfe,0x6d,0xfe,0x6d,0xfe,0x6d,0xfe,0x6d,0xfe,0x6d,
    0xf6,0x6d,0xfe,0x6d,0xfe,0x6d,0xfe,0x6d,0xf6,0x6d,0xfe,0x6d,0xf6,0x6d,0xfe,0x6d,
    0xfe,0x6d,0xf6,0x6d,0xfe,0x6d,0xfe,0x6d,0xf6,0x6d,0xfe,0x6d,0xfe,0x6d,0xfe,0x6d,
    0xfe,0x6d,0xfe,0x6d,0xf6,0x6d,0xfe,0x6d,0xfe,0x6d,0xfe,0x6d,0xfe,0x6d,0xfe,0x6d,
    0xfe,0x6d,0xfe,0x6d,0xfe,0x6d,0xfe,0x6d,0xf6,0x6d,0xfe,0x6d,0xfe,0x6d,0xfe,0x6d,
    0xf6,0x6d,0xfe,0x6d,0xfe,0x6d,0xfe,0x6d,0xfe,0x6d,0xfe,0x6d,0xf6,0x6d,0xfe,0x6d,
    0xfe,0x6d,0xfe,0x6d,0xfe,0x6d,0xfe,0x6d,0xfe,0x6d,0xfe,0x6d,0xfe,0x6d,0xfe,0x6d,
    0xf6,0x6d,0xfe,0x6d,0xfe,0x6d,0xfe,0x6d,0xfe,0x6d,0xfe,0x6d,0xf6,0x6d,0xfe,0x6d,
    0xfe,0x6d,0xfe,0x6d,0xfe,0x6d,0xf6,0x6d,0xfe,0x6d,0xfe,0x6d,0xfe,0x6d,0xfe,0x6d,
    0xfe,0x6d,0xfe,0x6d,0xfe,0x6d,0xfe,0x6d,0xfe,0x6d,0xfe,0x6d,0xfe,0x6d,0xfe,0x6d,
    0xfe,0x6d,0xf6,0x8d,0xf6,0xae,0xfe,0x61,0x58,0x96,0xc5,0x32,0xff,0xff,0xff,0x55,
    0xc5,0xa2,0x60,0x8d,0xfe,0x6d,0xfe,0x6d,0xfe,0x6e,0xfe,0x6d,0xfe,0x6d,0xfe,0x6d,
    0xf6,0x6d,0xf6,0x6d,0xf6,0x6d,0xf6,0x6d,0xf6,0x6d,0xf6,0x6d,0xf6,0x6d,0xf6,0x6d,
    0xf6,0x6d,0xf6,0x6d,0xf6,0x6d,0xfe,0x6d,0xfe,0x6d,0xf6,0x6d,0xfe,0x6d,0xf6,0x6d,
    0xfe,0x6d,0xfe,0x6d,0xf6,0x6d,0xfe,0x6d,0xf6,0x6d,0xfe,0x6d,0xf6,0x6d,0xfe,0x6d,
    0xf6,0x6d,0xfe,0x6d,0xfe,0x6d,0xfe,0x6d,0xf6,0x6d,0xfe,0x6d,0xf6,0x6d,0xf6,0x6d,
    0xfe,0x6d,0xf6,0x6d,0xfe,0x6d,0xf6,0x6d,0xfe,0x6d,0xfe,0x6d,0xf6,0x6d,0xf6,0x6d,
    0xf6,0x6d,0xfe,0x6d,0xfe,0x6d,0xf6,0x6d,0xfe,0x6d,0xfe,0x6d,0xf6,0x6d,0xf6,0x6d,
    0xf6,0x6d,0xf6,0x6d,0xf6,0x6d,0xf6,0x6d,0xf6,0x6d,0xfe,0x6d,0xfe,0x6d,0xf6,0x6d,
    0xfe,0x6d,0xf6,0x6d,0xf6,0x6d,0xfe,0x6d,0xf6,0x6d,0xf6,0x6d,0xf6,0x6d,0xf6,0x6d,
    0xfe,0x6d,0xf6,0x6d,0xfe,0x6d,0xf6,0x6d,0xfe,0x6d,0xfe,0x6d,0xf6,0x6d,0xf6,0x6d,
    0xf6,0x6d,0xf6,0x6d,0xf6,0x6d,0xf6,0x6d,0xfe,0x6d,0xf6,0x6d,0xf6,0x6d,0xf6,0x6d,
    0xfe,0x6d,0xf6,0x6d,0xf6,0x6d,0xfe,0x6d,0xfe,0x6d,0xf6,0x6d,0xf6,0x6d,0xf6,0x6d,
    0xf6,0x6d,0xf6,0x6d,0xf6,0x6d,0xf6,0x6d,0xf6,0x6d,0xfe,0x6d,0xf6,0x6d,0xf6,0x6d,
    0xf6,0x6d,0xf6,0x6d,0xf6,0x6d,0xfe,0x6d,0xfe,0x6d,0xf6,0x6d,0xf6,0x6d,0xf6,0x6d,
    0xf6,0x6d,0xf6,0x6d,0xfe,0x6d,0xf6,0x6d,0xf6,0x6d,0xf6,0x6d,0xfe,0x6d,0xfe,0x6d,
    0xf6,0x6d,0xfe,0x6d,0xfe,0x6d,0xf6,0x6d,0xf6,0x6d,0xf6,0x6d,0xf6,0xc1,0x6d,0xf6,
    0x6d,0xfe,0x6d,0xf6,0x6d,0xfe,0x6d,0xf6,0x6d,0xfe,0x6d,0xf6,0x6d,0xfe,0x6d,0xf6,
    0x6d,0xf6,0x6d,0xfe,0x6d,0xf6,0x6d,0xfe,0x6d,0xf6,0x6d,0xfe,0x6d,0xf6,0x6d,0xfe,
    0x6d,0xf6,0x6d,0xfe,0x6d,0xfe,0x6d,0xf6,0x6d,0xfe,0x6d,0xfe,0x6d,0xf6,0x6d,0xf6,
    0x6d,0xfe,0x6d,0xf6,0x6d,0xf6,0x6d,0xfe,0x6d,0xf6,0x6d,0xfe,0x6d,0xf6,0x6d,0xf6,
    0x6d,0xfe,0x6d,0xfe,0x6d,0xf6,0x6d,0xf6,0x6d,0xf6,0x6d,0xf6,0x6d,0xfe,0x6d,0xfe,
    0x6d,0xfe,0x6d,0xf6,0x6d,0xf6,0x6d,0xf6,0x6d,0xf6,0x6d,0xfe,0x6d,0xf6,0x6d,0xf6,
    0x6d,0xf6,0x6d,0xf6,0x6d,0xf6,0x6d,0xfe,0x6d,0xf6,0x6d,0xfe,0x6d,0xf6,0x6d,0xf6,
    0x6d,0xf6,0x6d,0xf6,0x6d,0xf6,0x8e,0xf6,0x03,0x69,0x50,0xac,0xbe,0xff,0xff,0xff,
    0x2f,0xff,0xff,0xe2,0xbe,0xff,0x92,0xbc,0x03,0x69,0x8d,0xfe,0x6d,0xf6,0x6d,0xf6,
    0x6d,0xfe,0x6d,0xf6,0x6d,0xf6,0x6d,0xf6,0x6d,0xf6,0x6d,0xfe,0x6d,0xf6,0x6d,0xf6,
    0x6d,0xf6,0x6d,0xf6,0x6d,0xf6,0x6d,0xf6,0x6d,0xf6,0x6d,0xf6,0x6d,0xf6,0x6d,0xf6,
    0x6d,0xf6,0x6d,0xf6,0x6d,0xf6,0x6d,0xfe,0x6d,0xf6,0x6d,0xf6,0x6d,0xf6,0x6d,0xf6,
    0x6d,0xf6,0x6d,0xf6,0x6d,0xf6,0x6d,0xf6,0x6d,0xf6,0x6d,0xf6,0x6d,0xf6,0x6d,0xf6,
    0x6d,0xfe,0x6d,0xfe,0x6d,0xf6,0x6d,0xf6,0x6d,0xf6,0x6d,0xf6,0x6d,0xf6,0x6d,0xf6,
    0x6d,0xf6,0x6d,0xf6,0x6d,0xf6,0x6d,0xf6,0x6d,0xf6,0x6d,0xf6,0x6d,0xf6,0x6d,0xfe,
    0x6d,0xf6,0x6d,0xfe,0x6d,0xf6,0x6d,0xf6,0x6d,0xf6,0x6d,0xf6,0x6d,0xf6,0x6d,0xfe,
    0x6d,0xf6,0x6d,0xf6,0x6d,0xf6,0x6d,0xf6,0x6d,0xf6,0x6d,0xf6,0x6d,0xf6,0x6d,0xf6,
    0x6d,0xf6,0x6d,0xf6,0x6d,0xfe,0x6d,0xf6,0x6d,0xfe,0x6d,0xfe,0x6d,0xf6,0x6d,0xf6,
    0x6d,0xf6,0x6d,0xf6,0x6d,0xfe,0x6d,0xf6,0x6d,0xf6,0x6d,0xf6,0x6d,0xf6,0x6d,0xf6,
    0x6d,0xf6,0x6d,0xf6,0x6d,0xf6,0x6d,0xf6,0x6d,0xf6,0x6d,0xf6,0x6d,0xf6,0x6d,0xfe,
    0x6d,0xf6,0x6d,0xf6,0x6d,0xfe,0x6d,0xf6,0x15,0x6d,0xf6,0xca,0x6d,0xfe,0x6d,0xf6,
    0x6d,0xf6,0x6d,0xf6,0x6d,0xf6,0x6d,0xf6,0x6d,0xf6,0x6d,0xfe,0x6d,0xf6,0x6d,0xf6,
    0x6d,0xf6,0x6d,0xfe,0x6d,0xf6,0x6d,0xf6,0x6d,0xf6,0x6d,0xf6,0x6d,0xf6,0x6d,0xf6,
    0x6d,0xfe,0x6d,0xf6,0x6d,0xf6,0x6d,0xf6,0x6d,0xf6,0x6d,0xfe,0x6d,0xf6,0x6d,0xf6,
    0x6d,0xf6,0x6d,0xfe,0x6d,0xf6,0x6d,0xf6,0x6d,0xf6,0x6d,0xf6,0x6d,0xf6,0x6d,0xfe,
    0x6d,0xf6,0x6d,0xfe,0x6d,0xf6,0x6d,0xf6,0x6d,0xfe,0x6d,0xf6,0x6d,0xf6,0x6d,0xf6,
    0x6d,0xf6,0x6d,0xf6,0x6d,0xfe,0x6d,0xf6,0x6d,0xf6,0x6d,0xfe,0x6d,0xf6,0x6d,0xf6,
    0x6d,0xfe,0x6d,0xf6,0x6d,0xfe,0x6d,0xf6,0x6d,0xf6,0x6d,0xf6,0x6d,0xf6,0x6d,0xf6,
    0x6d,0xf6,0x6d,0xf6,0x6d,0xfe,0x6d,0xf6,0x6d,0xf6,0x6d,0xf6,0x6d,0xf6,0x6d,0xf6,
    0x6d,0xfe,0x8d,0xf6,0x6e,0xfe,0x8d,0xf6,0x82,0x71,0xce,0x9b,0x7d,0xf7,0xff,0xff,
    0x2f,0xff,0xff,0xff,0xbe,0xff,0x92,0xac,0x01,0x61,0x8d,0xfe,0x6d,0xf6,0x6d,0xfe,
    0x6d,0xf6,0x6d,0xf6,0x6d,0xfe,0x6d,0xf6,0x6d,0xfe,0x6d,0xf6,0x6d,0xf6,0x6d,0xfe,
    0x6d,0xf6,0x6d,0xf6,0x6d,0xf6,0x6d,0xf6,0x6d,0xf6,0x6d,0xf6,0x6d,0xf6,0x6d,0xf6,
    0x6d,0xfe,0x6d,0xfe,0x6d,0xfe,0x6d,0xf6,0x6d,0xf6,0x6d,0xfe,0x6d,0xfe,0x6d,0xfe,
    0x6d,0xf6,0x6d,0xf6,0x6d,0xf6,0x6d,0xf6,0x6d,0xf6,0x6d,0xfe,0x6d,0xfe,0x6d,0xfe,
    0x6d,0xf6,0x6d,0xf6,0x6d,0xf6,0x6d,0xfe,0x6d,0xf6,0x6d,0xfe,0x6d,0xf6,0x6d,0xf6,
    0x6d,0xfe,0x6d,0xf6,0x6d,0xf6,0x6d,0xfe,0x6d,0xf6,0x6d,0xf6,0x6d,0xf6,0x6d,0xf6,
    0x6d,0xf6,0x6d,0xf6,0x6d,0xfe,0x6d,0xf6,0x6d,0xfe,0x6d,0xf6,0x6d,0xf6,0x6d,0xfe,
    0x6d,0xf6,0x6d,0xfe,0x6d,0xfe,0x6d,0xf6,0x6d,0xf6,0x6d,0xfe,0x6d,0xf6,0x6d,0xf6,
    0x6d,0xf6,0x6d,0xf6,0x6d,0xf6,0x6d,0xfe,0x6d,0xfe,0x6d,0xfe,0x6d,0xf6,0x6d,0xf6,
    0x6d,0xf6,0x6d,0xf6,0x6d,0xfe,0x6d,0xfe,0x6d,0xf6,0x6d,0xfe,0x6d,0xf6,0x6d,0xf6,
    0x6d,0xf6,0x6d,0xf6,0x6d,0xfe,0x6d,0xfe,0x6d,0xfe,0x6d,0xfe,0x6d,0xf6,0x6d,0xf6,
    0x6d,0xf6,0x6d,0xf6,0x6d,0xfe,0x6d,0xfe,0x6d,0xf6,0x6d,0xf6,0x6d,0xf6,0x6d,0xfe,
    0x6d,0xfe,0x6d,0xfe,0x6d,0xf6,0x6d,0xfe,0x6d,0xfe,0x6d,0xf6,0x6d,0xf6,0x6d,0xf6,
    0x6d,0xf6,0x6d,0xfe,0x6d,0xfe,0x6d,0xf6,0x6d,0xfe,0x6d,0xfe,0x6d,0xf6,0x6d,0xf6,
    0x6d,0xf6,0x6d,0xfe,0x6d,0xfe,0x6d,0xf6,0x6d,0xf6,0x6d,0xfe,0x6d,0xfe,0x6d,0xfe,
    0x6d,0xfe,0xc2,0x6d,0xf6,0x6d,0xf6,0x6d,0xf6,0x6d,0xfe,0x6d,0xf6,0x6d,0xf6,0x6d,
    0xf6,0x6d,0xf6,0x6d,0xfe,0x6d,0xfe,0x6d,0xf6,0x6d,0xfe,0x6d,0xf6,0x6d,0xf6,0x6d,
    0xf6,0x6d,0xfe,0x6d,0xf6,0x6d,0xfe,0x6d,0xfe,0x6d,0xfe,0x6d,0xf6,0x6d,0xf6,0x6d,
    0xf6,0x6d,0xfe,0x6d,0xfe,0x6d,0xf6,0x6d,0xf6,0x6d,0xf6,0x6d,0xfe,0x6d,0xf6,0x6d,
    0xf6,0x6d,0xf6,0x6d,0xf6,0x6d,0xf6,0x6d,0xfe,0x6d,0xf6,0x6d,0xfe,0x6d,0xfe,0x6d,
    0xfe,0x6d,0xf6,0x6d,0xfe,0x6d,0xfe,0x6d,0xfe,0x6d,0xf6,0x6d,0xfe,0x6d,0xf6,0x6d,
    0xfe,0x6d,0xf6,0x6d,0xfe,0x6d,0xfe,0x6d,0xf6,0x6d,0xf6,0x6d,0xf6,0x6d,0xfe,0x6d,
    0xf6,0x6d,0xf6,0x6d,0xfe,0x6d,0xfe,0x6d,0xf6,0x8d,0xf6,0x8d,0xf6,0x8d,0xf6,0xc3,
    0x71,0xce,0x9b,0x7d,0xf7,0xff,0xff,0x30,0xff,0xff,0xff,0x55,0xbd,0xe2,0x60,0x8d,
    0xfe,0x8d,0xf6,0x6d,0xfe,0x6d,0xf6,0x6d,0xfe,0x6d,0xf6,0x6d,0xf6,0x6d,0xf6,0x6d,
    0xfe,0x6d,0xfe,0x6d,0xf6,0x6d,0xf6,0x6d,0xfe,0x6d,0xf6,0x6d,0xf6,0x6d,0xfe,0x6d,
    0xf6,0x6d,0xf6,0x6d,0xfe,0x6d,0xf6,0x6d,0xf6,0x6d,0xf6,0x6d,0xf6,0x6d,0xf6,0x6d,
    0xf6,0x6d,0xf6,0x6d,0xf6,0x6d,0xfe,0x6d,0xfe,0x6d,0xf6,0x6d,0xfe,0x8d,0xf6,0x6d,
    0xfe,0x6d,0xfe,0x6d,0xfe,0x6d,0xf6,0x6d,0xf6,0x6d,0xf6,0x6d,0xfe,0x6d,0xf6,0x6d,
    0xf6,0x6d,0xf6,0x6d,0xf6,0x6d,0xf6,0x6d,0xf6,0x6d,0xfe,0x6d,0xf6,0x6d,0xfe,0x6d,
    0xf6,0x6d,0xf6,0x6d,0xfe,0x6d,0xfe,0x6d,0xfe,0x6d,0xfe,0x6d,0xfe,0x6d,0xf6,0x6d,
    0xf6,0x6d,0xf6,0x6d,0xfe,0x6d,0xfe,0x6d,0xf6,0x6d,0xf6,0x6d,0xf6,0x6d,0xfe,0x6d,
    0xfe,0x6d,0xfe,0x6d,0xf6,0x6d,0xf6,0x6d,0xf6,0x6d,0xfe,0x6d,0xf6,0x6d,0xf6,0x6d,
    0xf6,0x6d,0xf6,0x6d,0xf6,0x6d,0xf6,0x6d,0xf6,0x6d,0xf6,0x6d,0xfe,0x6d,0xf6,0x6d,
    0xf6,0x6d,0xfe,0x6d,0xf6,0x6d,0xf6,0x6d,0xf6,0x6d,0xfe,0x6d,0xfe,0x6d,0xfe,0x6d,
    0xf6,0x6d,0xfe,0x6d,0xf6,0x6d,0xf6,0x6d,0xf6,0x6d,0xfe,0x6d,0xfe,0x6d,0xfe,0x6d,
    0xfe,0x6d,0xf6,0x6d,0xf6,0x6d,0xf6,0x6d,0xf6,0x6d,0xfe,0x6d,0xfe,0x6d,0xfe,0x6d,
    0xf6,0x6d,0xfe,0x6d,0xfe,0x6d,0xfe,0x6d,0xf6,0x6d,0xf6,0x6d,0xf6,0x6d,0xfe,0x6d,
    0xfe,0x6d,0xf6,0x6d,0xf6,0x6d,0xf6,0x6d,0xfe,0x6d,0xfe,0x6d,0xf6,0x6d,0xfe,0x6d,
    0xf6,0x6d,0xf6,0x6d,0xf6,0x6d,0xf6,0x6d,0xfe,0xc1,0x6d,0xf6,0x6d,0xfe,0x6d,0xfe,
    0x6d,0xf6,0x6d,0xfe,0x6d,0xfe,0x6d,0xf6,0x6d,0xf6,0x6d,0xf6,0x6d,0xf6,0x6d,0xf6,
    0x6d,0xf6,0x6d,0xf6,0x6d,0xfe,0x6d,0xf6,0x6d,0xf6,0x6d,0xf6,0x6d,0xf6,0x6d,0xf6,
    0x6d,0xf6,0x6d,0xfe,0x6d,0xfe,0x6d,0xf6,0x6d,0xf6,0x6d,0xf6,0x6d,0xf6,0x6d,0xfe,
    0x6d,0xf6,0x6d,0xf6,0x6d,0xf6,0x6d,0xfe,0x6d,0xf6,0x6d,0xf6,0x6d,0xfe,0x6d,0xf6,
    0x6d,0xf6,0x6d,0xf6,0x6d,0xf6,0x6d,0xf6,0x6d,0xfe,0x6d,0xfe,0x6d,0xfe,0x6d,0xf6,
    0x6d,0xf6,0x6d,0xf6,0x6d,0xfe,0x6d,0xfe,0x6d,0xf6,0x6d,0xf6,0x6d,0xfe,0x6d,0xfe,
    0x6d,0xfe,0x6d,0xfe,0x6d,0xf6,0x6d,0xf6,0x6d,0xf6,0x6d,0xf6,0x6d,0xfe,0x8d,0xf6,
    0x6d,0xf6,0x8d,0xf6,0x03,0x69,0x50,0xac,0xbe,0xff,0xff,0xff,0x30,0xff,0xff,0xff,
    0x18,0xd6,0x03,0x69,0xae,0xfe,0x6d,0xf6,0x8d,0xf6,0x6d,0xfe,0x6d,0xf6,0x6d,0xf6,
    0x6d,0xfe,0x6d,0xfe,0x6d,0xf6,0x6d,0xfe,0x6d,0xf6,0x6d,0xf6,0x6d,0xfe,0x6d,0xf6,
    0x6d,0xf6,0x6d,0xf6,0x6d,0xfe,0x6d,0xfe,0x6d,0xfe,0x6d,0xf6,0x6d,0xfe,0x6d,0xfe,
    0x6d,0xf6,0x6d,0xfe,0x6d,0xf6,0x6d,0xfe,0x6d,0xf6,0x6d,0xf6,0x6d,0xf6,0x6d,0xf6,
    0x6d,0xf6,0x6d,0xf6,0x6d,0xf6,0x6d,0xfe,0x6d,0xf6,0x6d,0xfe,0x6d,0xf6,0x6d,0xf6,
    0x6d,0xf6,0x6d,0xfe,0x6d,0xf6,0x6d,0xf6,0x6d,0xf6,0x6d,0xfe,0x6d,0xfe,0x6d,0xfe,
    0x6d,0xfe,0x6d,0xf6,0x6d,0xf6,0x6d,0xf6,0x6d,0xfe,0x6d,0xfe,0x6d,0xfe,0x6d,0xfe,
    0x6d,0xfe,0x6d,0xf6,0x6d,0xf6,0x6d,0xfe,0x6d,0xf6,0x6d,0xf6,0x6d,0xf6,0x6d,0xf6,
    0x6d,0xfe,0x6d,0xfe,0x6d,0xf6,0x6d,0xf6,0x6d,0xf6,0x6d,0xf6,0x6d,0xfe,0x6d,0xfe,
    0x6d,0xf6,0x6d,0xf6,0x6d,0xf6,0x6d,0xfe,0x6d,0xf6,0x6d,0xfe,0x6d,0xfe,0x6d,0xfe,
    0x6d,0xf6,0x6d,0xf6,0x6d,0xf6,0x6d,0xfe,0x6d,0xf6,0x6d,0xf6,0x6d,0xf6,0x6d,0xf6,
    0x6d,0xf6,0x6d,0xf6,0x6d,0xf6,0x6d,0xfe,0x6d,0xfe,0x6d,0xf6,0x6d,0xf6,0x6d,0xf6,
    0x6d,0xf6,0x6d,0xf6,0x6d,0xf6,0x6d,0xf6,0x6d,0xfe,0x6d,0xfe,0x6d,0xfe,0x6d,0xf6,
    0x6d,0xfe,0x6d,0xf6,0x6d,0xfe,0x6d,0xf6,0x6d,0xf6,0x6d,0xf6,0x6d,0xf6,0x6d,0xfe,
    0x6d,0xfe,0x6d,0xf6,0x6d,0xf6,0x6d,0xfe,0x6d,0xfe,0x6d,0xfe,0x6d,0xf6,0x6d,0xf6,
    0x6d,0xf6,0x6d,0xf6,0x6d,0xfe,0x6d,0xf6,0x6d,0xf6,0x6d,0xf6,0x6d,0xfe,0xc0,0x6d,
    0xf6,0x6d,0xf6,0x6d,0xfe,0x6d,0xf6,0x6d,0xf6,0x6d,0xf6,0x6d,0xf6,0x6d,0xfe,0x6d,
    0xf6,0x6d,0xf6,0x6d,0xfe,0x6d,0xf6,0x6d,0xf6,0x6d,0xf6,0x6d,0xfe,0x6d,0xfe,0x6d,
    0xfe,0x6d,0xf6,0x6d,0xfe,0x6d,0xfe,0x6d,0xf6,0x6d,0xf6,0x6d,0xfe,0x6d,0xf6,0x6d,
    0xfe,0x6d,0xf6,0x6d,0xfe,0x6d,0xf6,0x6d,0xf6,0x6d,0xfe,0x6d,0xf6,0x6d,0xf6,0x6d,
    0xf6,0x6d,0xf6,0x6d,0xfe,0x6d,0xf6,0x6d,0xfe,0x6d,0xf6,0x6d,0xf6,0x6d,0xf6,0x6d,
    0xf6,0x6d,0xfe,0x6d,0xf6,0x6d,0xf6,0x6d,0xf6,0x6d,0xfe,0x6d,0xf6,0x6d,0xf6,0x6d,
    0xfe,0x6d,0xfe,0x6d,0xf6,0x6d,0xfe,0x6d,0xf6,0x6d,0xf6,0x6d,0xf6,0x6d,0xf6,0x6d,
    0xf6,0x6d,0xf6,0x8d,0xf6,0x8d,0xf6,0xae,0xfe,0x41,0x60,0x96,0xc5,0xff,0xff,0x31,
    0xff,0xff,0xff,0x18,0xd6,0x03,0x69,0xae,0xfe,0x6d,0xf6,0x8d,0xf6,0x6d,0xfe,0x6d,
    0xf6,0x6d,0xf6,0x6d,0xfe,0x6d,0xfe,0x6d,0xf6,0x6d,0xfe,0x6d,0xf6,0x6d,0xf6,0x6d,
    0xfe,0x6d,0xf6,0x6d,0xf6,0x6d,0xf6,0x6d,0xfe,0x6d,0xfe,0x6d,0xfe,0x6d,0xf6,0x6d,
    0xfe,0x6d,0xfe,0x6d,0xf6,0x6d,0xfe,0x6d,0xf6,0x6d,0xfe,0x6d,0xf6,0x6d,0xf6,0x6d,
    0xf6,0x6d,0xf6,0x6d,0xf6,0x6d,0xf6,0x6d,0xf6,0x6d,0xfe,0x6d,0xf6,0x6d,0xfe,0x6d,
    0xf6,0x6d,0xf6,0x6d,0xf6,0x6d,0xfe,0x6d,0xf6,0x6d,0xf6,0x6d,0xf6,0x6d,0xfe,0x6d,
    0xfe,0x6d,0xfe,0x6d,0xfe,0x6d,0xf6,0x6d,0xf6,0x6d,0xf6,0x6d,0xfe,0x6d,0xfe,0x6d,
    0xfe,0x6d,0xfe,0x6d,0xfe,0x6d,0xf6,0x6d,0xf6,0x6d,0xfe,0x6d,0xf6,0x6d,0xf6,0x6d,
    0xf6,0x6d,0xf6,0x6d,0xfe,0x6d,0xfe,0x6d,0xf6,0x6d,0xf6,0x6d,0xf6,0x6d,0xf6,0x6d,
    0xfe,0x6d,0xfe,0x6d,0xf6,0x6d,0xf6,0x6d,0xf6,0x6d,0xfe,0x6d,0xf6,0x6d,0xfe,0x6d,
    0xfe,0x6d,0xfe,0x6d,0xf6,0x6d,0xf6,0x6d,0xf6,0x6d,0xfe,0x6d,0xf6,0x6d,0xf6,0x6d,
    0xf6,0x6d,0xf6,0x6d,0xf6,0x6d,0xf6,0x6d,0xf6,0x6d,0xfe,0x6d,0xfe,0x6d,0xf6,0x6d,
    0xf6,0x6d,0xf6,0x6d,0xf6,0x6d,0xf6,0x6d,0xf6,0x6d,0xf6,0x6d,0xfe,0x6d,0xfe,0x6d,
    0xfe,0x6d,0xf6,0x6d,0xfe,0x6d,0xf6,0x6d,0xfe,0x6d,0xf6,0x6d,0xf6,0x6d,0xf6,0x6d,
    0xf6,0x6d,0xfe,0x6d,0xfe,0x6d,0xf6,0x6d,0xf6,0x6d,0xfe,0x6d,0xfe,0x6d,0xfe,0x6d,
    0xf6,0x6d,0xf6,0x6d,0xf6,0x6d,0xf6,0x6d,0xfe,0x6d,0xf6,0x6d,0xf6,0x6d,0xf6,0x6d,
    0xfe,0xc0,0x6d,0xf6,0x6d,0xf6,0x6d,0xfe,0x6d,0xf6,0x6d,0xf6,0x6d,0xf6,0x6d,0xf6,
    0x6d,0xfe,0x6d,0xf6,0x6d,0xf6,0x6d,0xfe,0x6d,0xf6,0x6d,0xf6,0x6d,0xf6,0x6d,0xfe,
    0x6d,0xfe,0x6d,0xfe,0x6d,0xf6,0x6d,0xfe,0x6d,0xfe,0x6d,0xf6,0x6d,0xf6,0x6d,0xfe,
    0x6d,0xf6,0x6d,0xfe,0x6d,0xf6,0x6d,0xfe,0x6d,0xf6,0x6d,0xf6,0x6d,0xfe,0x6d,0xf6,
    0x6d,0xf6,0x6d,0xf6,0x6d,0xf6,0x6d,0xfe,0x6d,0xf6,0x6d,0xfe,0x6d,0xf6,0x6d,0xf6,
    0x6d,0xf6,0x6d,0xf6,0x6d,0xfe,0x6d,0xf6,0x6d,0xf6,0x6d,0xf6,0x6d,0xfe,0x6d,0xf6,
    0x6d,0xf6,0x6d,0xfe,0x6d,0xfe,0x6d,0xf6,0x6d,0xfe,0x6d,0xf6,0x6d,0xf6,0x6d,0xf6,
    0x6d,0xf6,0x6d,0xf6,0x6d,0xf6,0x8d,0xf6,0x8d,0xf6,0xae,0xfe,0x41,0x60,0x96,0xc5,
    0xff,0xff,0x31,0xff,0xff,0xff,0x5d,0xef,0x4c,0x8b,0xce,0xe5,0x8d,0xfe,0x8d,0xf6,
    0x6d,0xfe,0x6d,0xfe,0x6d,0xfe,0x6d,0xf6,0x6d,0xf6,0x6d,0xfe,0x6d,0xfe,0x6d,0xf6,
    0x6d,0xfe,0x6d,0xfe,0x6d,0xfe,0x6d,0xfe,0x6d,0xfe,0x6d,0xf6,0x6d,0xf6,0x6d,0xfe,
    0x6d,0xf6,0x6d,0xf6,0x6d,0xf6,0x6d,0xf6,0x6d,0xfe,0x6d,0xfe,0x6d,0xf6,0x6d,0xf6,
    0x6d,0xf6,0x6d,0xf6,0x6d,0xf6,0x6d,0xf6,0x6d,0xfe,0x6d,0xf6,0x6d,0xfe,0x6d,0xfe,
    0x6d,0xf6,0x6d,0xfe,0x6d,0xfe,0x6d,0xf6,0x6d,0xfe,0x6d,0xf6,0x6d,0xfe,0x6d,0xfe,
    0x6d,0xf6,0x6d,0xf6,0x6d,0xf6,0x6d,0xf6,0x6d,0xf6,0x6d,0xf6,0x6d,0xf6,0x6d,0xfe,
    0x6d,0xf6,0x6d,0xfe,0x6d,0xfe,0x6d,0xf6,0x6d,0xfe,0x6d,0xfe,0x6d,0xf6,0x6d,0xfe,
    0x6d,0xfe,0x6d,0xf6,0x6d,0xfe,0x6d,0xf6,0x6d,0xfe,0x6d,0xf6,0x6d,0xf6,0x6d,0xf6,
    0x6d,0xf6,0x6d,0xf6,0x6d,0xf6,0x6d,0xf6,0x6d,0xf6,0x6d,0xf6,0x6d,0xf6,0x6d,0xf6,
    0x6d,0xf6,0x6d,0xfe,0x6d,0xfe,0x6d,0xf6,0x6d,0xfe,0x6d,0xfe,0x6d,0xf6,0x6d,0xfe,
    0x6d,0xf6,0x6d,0xfe,0x6d,0xf6,0x6d,0xf6,0x6d,0xf6,0x6d,0xf6,0x6d,0xfe,0x6d,0xf6,
    0x6d,0xfe,0x6d,0xf6,0x6d,0xf6,0x6d,0xf6,0x6d,0xfe,0x6d,0xf6,0x6d,0xfe,0x6d,0xf6,
    0x6d,0xf6,0x6d,0xf6,0x6d,0xf6,0x6d,0xfe,0x6d,0xf6,0x6d,0xfe,0x6d,0xf6,0x6d,0xf6,
    0x6d,0xfe,0x6d,0xf6,0x6d,0xf6,0x6d,0xf6,0x6d,0xf6,0x6d,0xfe,0x6d,0xf6,0x6d,0xf6,
    0x6d,0xf6,0x6d,0xfe,0x6d,0xf6,0x6d,0xf6,0x6d,0xfe,0x6d,0xf6,0x6d,0xf6,0x6d,0xf6,
    0x6d,0xf6,0x6d,0xfe,0xc0,0x6d,0xf6,0x6d,0xf6,0x6d,0xfe,0x6d,0xf6,0x6d,0xf6,0x6d,
    0xfe,0x6d,0xfe,0x6d,0xf6,0x6d,0xfe,0x6d,0xf6,0x6d,0xfe,0x6d,0xf6,0x6d,0xf6,0x6d,
    0xf6,0x6d,0xfe,0x6d,0xf6,0x6d,0xf6,0x6d,0xfe,0x6d,0xfe,0x6d,0xf6,0x6d,0xf6,0x6d,
    0xfe,0x6d,0xf6,0x6d,0xf6,0x6d,0xf6,0x6d,0xfe,0x6d,0xf6,0x6d,0xf6,0x6d,0xf6,0x6d,
    0xf6,0x6d,0xfe,0x6d,0xfe,0x6d,0xf6,0x6d,0xfe,0x6d,0xf6,0x6d,0xf6,0x6d,0xfe,0x6d,
    0xf6,0x6d,0xf6,0x6d,0xf6,0x6d,0xfe,0x6d,0xfe,0x6d,0xf6,0x6d,0xf6,0x6d,0xfe,0x6d,
    0xf6,0x6d,0xf6,0x6d,0xf6,0x6d,0xf6,0x6d,0xf6,0x6d,0xf6,0x6d,0xf6,0x6d,0xf6,0x6d,
    0xfe,0x6d,0xf6,0x6d,0xfe,0x6d,0xfe,0x6d,0xf6,0x8d,0xf6,0x8d,0xf6,0x6e,0xf6,0x49,
    0x7a,0xfb,0xe6,0xff,0xff,0x31,0xff,0xff,0xff,0xbe,0xff,0x55,0xc5,0xa6,0xa3,0x8e,
    0xf6,0x8d,0xf6,0x6d,0xfe,0x6d,0xfe,0x6d,0xfe,0x6d,0xfe,0x6d,0xfe,0x6d,0xf6,0x6d,
    0xf6,0x6d,0xf6,0x6d,0xfe,0x6d,0xfe,0x6d,0xf6,0x6d,0xf6,0x6d,0xfe,0x6d,0xf6,0x6d,
    0xf6,0x6d,0xf6,0x6d,0xf6,0x6d,0xf6,0x6d,0xf6,0x6d,0xf6,0x6d,0xf6,0x6d,0xf6,0x6d,
    0xf6,0x6d,0xfe,0x6d,0xf6,0x6d,0xfe,0x6d,0xf6,0x6d,0xfe,0x6d,0xf6,0x6d,0xfe,0x6d,
    0xfe,0x6d,0xfe,0x6d,0xf6,0x6d,0xf6,0x6d,0xf6,0x6d,0xf6,0x6d,0xfe,0x6d,0xfe,0x6d,
    0xfe,0x6d,0xf6,0x6d,0xf6,0x6d,0xf6,0x6d,0xf6,0x6d,0xfe,0x6d,0xf6,0x6d,0xf6,0x6d,
    0xf6,0x6d,0xf6,0x6d,0xf6,0x6d,0xfe,0x6d,0xf6,0x6d,0xfe,0x6d,0xfe,0x6d,0xf6,0x6d,
    0xf6,0x6d,0xf6,0x6d,0xf6,0x6d,0xf6,0x6d,0xf6,0x6d,0xf6,0x6d,0xf6,0x6d,0xfe,0x6d,
    0xfe,0x6d,0xf6,0x6d,0xf6,0x6d,0xfe,0x6d,0xfe,0x6d,0xf6,0x6d,0xf6,0x6d,0xfe,0x6d,
    0xf6,0x6d,0xf6,0x6d,0xfe,0x6d,0xfe,0x6d,0xf6,0x6d,0xfe,0x6d,0xfe,0x6d,0xfe,0x6d,
    0xf6,0x6d,0xf6,0x6d,0xfe,0x6d,0xfe,0x6d,0xf6,0x6d,0xf6,0x6d,0xf6,0x6d,0xf6,0x6d,
    0xf6,0x6d,0xfe,0x6d,0xf6,0x6d,0xf6,0x6d,0xf6,0x6d,0xf6,0x6d,0xf6,0x6d,0xfe,0x6d,
    0xf6,0x6d,0xf6,0x6d,0xf6,0x6d,0xfe,0x6d,0xf6,0x6d,0xf6,0x6d,0xf6,0x6d,0xf6,0x6d,
    0xf6,0x6d,0xf6,0x6d,0xf6,0x6d,0xfe,0x6d,0xfe,0x6d,0xfe,0x6d,0xfe,0x6d,0xf6,0x6d,
    0xf6,0x6d,0xfe,0x6d,0xfe,0x6d,0xf6,0x6d,0xf6,0x6d,0xf6,0x6d,0xf6,0x6d,0xfe,0x6d,
    0xfe,0x6d,0xfe,0x8d,0xf6,0x6d,0xf6,0xc0,0x6d,0xf6,0x6d,0xf6,0x6d,0xf6,0x6d,0xfe,
    0x6d,0xfe,0x6d,0xf6,0x6d,0xf6,0x6d,0xf6,0x6d,0xf6,0x6d,0xf6,0x6d,0xf6,0x6d,0xfe,
    0x6d,0xfe,0x6d,0xf6,0x6d,0xfe,0x6d,0xfe,0x6d,0xfe,0x6d,0xfe,0x6d,0xf6,0x6d,0xf6,
    0x6d,0xf6,0x6d,0xf6,0x6d,0xfe,0x6d,0xf6,0x6d,0xfe,0x6d,0xfe,0x6d,0xf6,0x6d,0xf6,
    0x6d,0xf6,0x6d,0xf6,0x6d,0xf6,0x6d,0xf6,0x6d,0xf6,0x6d,0xf6,0x6d,0xfe,0x6d,0xfe,
    0x6d,0xf6,0x6d,0xf6,0x6d,0xf6,0x6d,0xf6,0x6d,0xfe,0x6d,0xf6,0x6d,0xfe,0x6d,0xf6,
    0x6d,0xf6,0x6d,0xf6,0x6d,0xfe,0x6d,0xf6,0x6d,0xf6,0x6d,0xf6,0x6d,0xf6,0x6d,0xf6,
    0x6d,0xf6,0x6d,0xf6,0x6d,0xfe,0x6d,0xfe,0x6d,0xfe,0x6d,0xfe,0x8d,0xf6,0xce,0xf6,
    0x8b,0xbc,0x92,0xbc,0xbe,0xff,0xff,0xff,0x32,0xff,0xff,0x8a,0x5d,0xef,0xe2,0x60,
    0x8b,0xbc,0x8e,0xf6,0x8d,0xf6,0x6d,0xf6,0x6d,0xf6,0x6d,0xf6,0x6d,0xfe,0x6d,0xf6,
    0x4c,0x6d,0xf6,0x82,0x6d,0xfe,0x6d,0xf6,0x5b,0x6d,0xf6,0x8a,0x6d,0xfe,0x6d,0xf6,
    0x6d,0xf6,0x6d,0xfe,0x8d,0xfe,0xce,0xf6,0xc9,0xc4,0x24,0x61,0x1c,0xef,0xff,0xff,
    0x34,0xff,0xff,0x89,0x8e,0x93,0xc3,0x60,0x45,0x93,0x6b,0xd5,0x6e,0xf6,0xae,0xfe,
    0xae,0xfe,0xae,0xfe,0x8d,0xfe,0x7f,0x8d,0xfe,0x29,0x8d,0xfe,0x8a,0xae,0xfe,0xce,
    0xfe,0xae,0xfe,0xce,0xfe,0x8e,0xf6,0xab,0xd5,0xa6,0xa3,0x01,0x61,0xcb,0x82,0xff,
    0xff,0x35,0xff,0xff,0xff,0x5d,0xef,0x92,0xac,0x08,0x72,0x03,0x69,0x84,0x8a,0xa6,
    0xa3,0x08,0xb4,0xc8,0xab,0x07,0xb4,0x07,0xb4,0xe7,0xb3,0x07,0xb4,0x08,0xb4,0x08,
    0xb4,0xe7,0xb3,0x07,0xb4,0xe7,0xb3,0x08,0xb4,0x08,0xb4,0xe7,0xb3,0x08,0xb4,0x08,
    0xb4,0xe7,0xb3,0x07,0xb4,0x08,0xb4,0x08,0xb4,0xe7,0xb3,0x07,0xb4,0xe7,0xb3,0x08,
    0xb4,0xe7,0xb3,0x07,0xb4,0xe7,0xb3,0x07,0xb4,0x08,0xb4,0x08,0xb4,0x08,0xb4,0x07,
    0xb4,0xe7,0xb3,0x07,0xb4,0xe7,0xb3,0xe7,0xb3,0x07,0xb4,0xe7,0xb3,0x08,0xb4,0x08,
    0xb4,0x08,0xb4,0x08,0xb4,0x08,0xb4,0x08,0xb4,0xe7,0xb3,0x08,0xb4,0x08,0xb4,0xe7,
    0xb3,0xe7,0xb3,0x08,0xb4,0x08,0xb4,0x08,0xb4,0x08,0xb4,0x08,0xb4,0x08,0xb4,0x08,
    0xb4,0x07,0xb4,0x08,0xb4,0x07,0xb4,0x07,0xb4,0x08,0xb4,0x08,0xb4,0xe7,0xb3,0x07,
    0xb4,0xe7,0xb3,0x08,0xb4,0x07,0xb4,0xe7,0xb3,0xe7,0xb3,0xe7,0xb3,0xe7,0xb3,0xe7,
    0xb3,0xe7,0xb3,0x08,0xb4,0x08,0xb4,0x08,0xb4,0x07,0xb4,0x08,0xb4,0x08,0xb4,0x08,
    0xb4,0x08,0xb4,0x08,0xb4,0x08,0xb4,0x08,0xb4,0xe7,0xb3,0x07,0xb4,0x07,0xb4,0x07,
    0xb4,0xe7,0xb3,0x07,0xb4,0x08,0xb4,0x08,0xb4,0x08,0xb4,0xe7,0xb3,0x08,0xb4,0xe7,
    0xb3,0x08,0xb4,0x08,0xb4,0x08,0xb4,0x08,0xb4,0x08,0xb4,0x08,0xb4,0x08,0xb4,0x08,
    0xb4,0x08,0xb4,0x07,0xb4,0xe7,0xb3,0x07,0xb4,0x07,0xb4,0xe7,0xb3,0x07,0xb4,0xe7,
    0xb3,0x08,0xb4,0x08,0xb4,0x07,0xb4,0x07,0xb4,0x08,0xb4,0x08,0xb4,0x08,0xb4,0x08,
    0xb4,0xe7,0xb3,0xbc,0x08,0xb4,0x08,0xb4,0x08,0xb4,0x08,0xb4,0x08,0xb4,0x08,0xb4,
    0x08,0xb4,0x08,0xb4,0x08,0xb4,0x08,0xb4,0x08,0xb4,0xe7,0xb3,0x08,0xb4,0x08,0xb4,
    0x08,0xb4,0x08,0xb4,0x08,0xb4,0x08,0xb4,0x08,0xb4,0x07,0xb4,0x08,0xb4,0x08,0xb4,
    0x08,0xb4,0x08,0xb4,0x08,0xb4,0x08,0xb4,0x08,0xb4,0x08,0xb4,0x08,0xb4,0x08,0xb4,
    0x08,0xb4,0xe7,0xb3,0x08,0xb4,0x08,0xb4,0x08,0xb4,0xe7,0xb3,0x08,0xb4,0x08,0xb4,
    0x08,0xb4,0x08,0xb4,0x07,0xb4,0x08,0xb4,0x08,0xb4,0x08,0xb4,0x08,0xb4,0x08,0xb4,
    0x08,0xb4,0x08,0xb4,0x08,0xb4,0x08,0xb4,0x08,0xb4,0xc8,0xab,0xc8,0xab,0xa6,0xa3,
    0x05,0x93,0xa3,0x69,0x86,0x69,0xcf,0xa3,0x9a,0xe6,0xff,0xff,0x36,0xff,0xff,0x89,
    0x7d,0xf7,0x18,0xd6,0x10,0xa4,0x89,0x82,0xc7,0x69,0x45,0x61,0x85,0x61,0x45,0x61,
    0x86,0x69,0x7f,0x86,0x69,0x27,0x86,0x69,0x8a,0x45,0x61,0x45,0x61,0x45,0x61,0x45,
    0x61,0x86,0x69,0x49,0x7a,0xce,0x9b,0xd7,0xcd,0x1c,0xf7,0xff,0xff,0x37,0xff,0xff,
    0x89,0x7d,0xf7,0x18,0xd6,0x10,0xa4,0x89,0x82,0xc7,0x69,0x45,0x61,0x85,0x61,0x45,
    0x61,0x86,0x69,0x7f,0x86,0x69,0x27,0x86,0x69,0x8a,0x45,0x61,0x45,0x61,0x45,0x61,
    0x45,0x61,0x86,0x69,0x49,0x7a,0xce,0x9b,0xd7,0xcd,0x1c,0xf7,0xff,0xff,0x39,0xff,
    0xff,0xff,0xbe,0xff,0x1c,0xef,0x9a,0xe6,0x59,0xde,0x59,0xde,0x59,0xde,0x59,0xd6,
    0x59,0xde,0x59,0xd6,0x59,0xde,0x59,0xde,0x59,0xde,0x59,0xd6,0x59,0xde,0x59,0xde,
    0x59,0xd6,0x59,0xd6,0x59,0xde,0x59,0xde,0x59,0xde,0x59,0xde,0x59,0xde,0x59,0xde,
    0x59,0xde,0x59,0xde,0x59,0xd6,0x59,0xde,0x59,0xde,0x59,0xde,0x59,0xde,0x59,0xde,
    0x59,0xd6,0x59,0xd6,0x59,0xd6,0x59,0xd6,0x59,0xde,0x59,0xd6,0x59,0xde,0x59,0xde,
    0x59,0xde,0x59,0xd6,0x59,0xde,0x59,0xd6,0x59,0xde,0x59,0xd6,0x59,0xd6,0x59,0xd6,
    0x59,0xde,0x59,0xde,0x59,0xde,0x59,0xde,0x59,0xde,0x59,0xde,0x59,0xde,0x59,0xde,
    0x59,0xd6,0x59,0xde,0x59,0xde,0x59,0xde,0x59,0xd6,0x59,0xd6,0x59,0xde,0x59,0xd6,
    0x59,0xde,0x59,0xde,0x59,0xde,0x59,0xd6,0x59,0xde,0x59,0xde,0x59,0xde,0x59,0xd6,
    0x59,0xde,0x59,0xde,0x59,0xde,0x59,0xde,0x59,0xde,0x59,0xde,0x59,0xde,0x59,0xde,
    0x59,0xde,0x59,0xde,0x59,0xd6,0x59,0xd6,0x59,0xde,0x59,0xde,0x59,0xde,0x59,0xde,
    0x59,0xde,0x59,0xde,0x59,0xde,0x59,0xde,0x59,0xde,0x59,0xde,0x59,0xde,0x59,0xd6,
    0x59,0xde,0x59,0xde,0x59,0xde,0x59,0xde,0x59,0xd6,0x59,0xd6,0x59,0xd6,0x59,0xd6,
    0x59,0xd6,0x59,0xd6,0x59,0xd6,0x59,0xde,0x59,0xde,0x59,0xde,0x59,0xde,0x59,0xde,
    0x59,0xde,0x59,0xde,0x59,0xd6,0x59,0xde,0x59,0xde,0x59,0xde,0x59,0xde,0x59,0xde,
    0x59,0xde,0x59,0xde,0x59,0xd6,0x59,0xd6,0x59,0xd6,0x59,0xd6,0x59,0xd6,0x59,0xd6,
    0x8e,0x59,0xde,0x59,0xd6,0x59,0xde,0x59,0xde,0x59,0xde,0x59,0xd6,0x59,0xd6,0x59,
    0xd6,0x59,0xd6,0x59,0xd6,0x59,0xde,0x59,0xde,0x59,0xde,0x59,0xd6,0x12,0x59,0xd6,
    0x96,0x59,0xde,0x59,0xde,0x59,0xde,0x59,0xd6,0x59,0xd6,0x59,0xd6,0x59,0xd6,0x59,
    0xd6,0x59,0xd6,0x59,0xd6,0x59,0xd6,0x59,0xd6,0x59,0xd6,0x59,0xd6,0x59,0xd6,0x59,
    0xde,0x59,0xd6,0x59,0xde,0x9a,0xe6,0xfb,0xe6,0xbe,0xff,0xff,0xff,0x7f,0xff,0xff,
    0x7f,0xff,0xff,0x7f,0xff,0xff,0x7f,0xff,0xff,0x7f,0xff,0xff,0x7f,0xff,0xff,0x7f,
    0xff,0xff,0x7f,0xff,0xff,0x7f,0xff,0xff,0x7f,0xff,0xff,0x7f,0xff,0xff,0x7f,0xff,
    0xff,0x7f,0xff,0xff,0x7f,0xff,0xff,0x7f,0xff,0xff,0x7f,0xff,0xff,0x7f,0xff,0xff,
    0x7f,0xff,0xff,0x7f,0xff,0xff,0x7f,0xff,0xff,0x7f,0xff,0xff,0x6b,0xff,0xff,0x88,
    0x1c,0xef,0x5d,0xef,0xff,0xff,0xff,0xff,0xff,0xff,0xbe,0xff,0xbe,0xff,0xff,0xff,
    0x7f,0xff,0xff,0x69,0xff,0xff,0x88,0x1c,0xef,0x5d,0xef,0xff,0xff,0xff,0xff,0xff,
    0xff,0xbe,0xff,0xbe,0xff,0xff,0xff,0x7f,0xff,0xff,0x45,0xff,0xff,0x83,0x7d,0xf7,
    0x7d,0xf7,0xff,0xff,0x21,0xff,0xff,0x89,0x89,0x82,0x10,0xa4,0x7d,0xf7,0xff,0xff,
    0xbe,0xff,0x14,0xbd,0xd3,0xbc,0xbe,0xff,0xff,0xff,0x7f,0xff,0xff,0x44,0xff,0xff,
    0x84,0x10,0xa4,0x92,0xbc,0x7d,0xf7,0xff,0xff,0x20,0xff,0xff,0x89,0x03,0x69,0xcb,
    0x82,0x5d,0xef,0xff,0xff,0x1c,0xf7,0x0c,0x8b,0x86,0x69,0x1c,0xef,0xff,0xff,0x7f,
    0xff,0xff,0x44,0xff,0xff,0x84,0xe2,0x60,0x08,0x7a,0x9a,0xe6,0xff,0xff,0x20,0xff,
    0xff,0x89,0x81,0x68,0xcb,0x8a,0x5d,0xef,0xff,0xff,0xbe,0xff,0x55,0xbd,0x14,0xbd,
    0xbe,0xff,0xff,0xff,0x7f,0xff,0xff,0x44,0xff,0xff,0x84,0xc3,0x60,0x08,0x7a,0x9a,
    0xe6,0xff,0xff,0x20,0xff,0xff,0x96,0xc3,0x60,0xcb,0x82,0x5d,0xef,0xff,0xff,0xff,
    0xff,0xff,0xff,0xbe,0xff,0xff,0xff,0xff,0xff,0xff,0xff,0xff,0xff,0xff,0xff,0xff,
    0xff,0xff,0xff,0xff,0xff,0xff,0xff,0xff,0xff,0xff,0xff,0xff,0xff,0xff,0xff,0xbe,
    0xff,0xff,0xff,0x7f,0xff,0xff,0x37,0xff,0xff,0xc3,0xe2,0x60,0x08,0x7a,0x9a,0xe6,
    0xff,0xff,0xff,0xff,0xff,0xff,0xff,0xff,0xff,0xff,0xff,0xff,0xff,0xff,0xff,0xff,
    0xbe,0xff,0x96,0xcd,0x96,0xcd,0x59,0xde,0x5d,0xef,0xff,0xff,0xff,0xff,0xff,0xff,
    0xff,0xff,0xff,0xff,0x7d,0xf7,0xfb,0xe6,0x16,0xd6,0xf8,0xd5,0x1c,0xef,0xff,0xff,
    0xff,0xff,0xff,0xff,0xff,0xff,0xff,0xff,0x7d,0xf7,0x59,0xde,0x96,0xcd,0xd7,0xdd,
    0x1c,0xef,0x03,0x69,0xcb,0x82,0x5d,0xef,0xff,0xff,0xff,0xff,0xbe,0xff,0x7d,0xf7,
    0xff,0xff,0xff,0xff,0xff,0xff,0x5d,0xef,0x1c,0xef,0xbe,0xff,0x9a,0xe6,0x96,0xcd,
    0xd7,0xcd,0xfb,0xe6,0xbe,0xff,0xff,0xff,0xff,0xff,0xff,0xff,0xff,0xff,0x1c,0xf7,
    0xf8,0xd5,0x18,0xd6,0xfb,0xe6,0xdb,0xee,0xdb,0xee,0x1c,0xef,0xbe,0xff,0xff,0xff,
    0x7f,0xff,0xff,0x2e,0xff,0xff,0xc3,0xc3,0x60,0x08,0x7a,0x9a,0xe6,0xff,0xff,0xff,
    0xff,0xff,0xff,0xff,0xff,0xff,0xff,0xff,0xff,0xff,0xff,0x1c,0xef,0xd3,0xbc,0x45,
    0x71,0x45,0x71,0xc7,0x71,0xce,0x9b,0x59,0xde,0xbe,0xff,0xff,0xff,0xbe,0xff,0x59,
    0xd6,0x10,0xac,0x89,0x82,0x86,0x71,0xc7,0x71,0xce,0x9b,0x9a,0xe6,0xbe,0xff,0xff,
    0xff,0xff,0xff,0xfb,0xe6,0x10,0xac,0x08,0x72,0x45,0x71,0x86,0x71,0x0c,0x9b,0x24,
    0x71,0xcb,0x82,0x5d,0xef,0xff,0xff,0xff,0xff,0x55,0xc5,0x55,0xc5,0xbe,0xff,0xff,
    0xff,0x7d,0xf7,0x10,0xac,0xcb,0x8a,0x55,0xbd,0x89,0x82,0x45,0x71,0x45,0x71,0xaa,
    0x8a,0x18,0xd6,0xff,0xff,0xff,0xff,0xbe,0xff,0x59,0xd6,0x4d,0x9b,0xc7,0x71,0xc7,
    0x71,0x49,0x7a,0x49,0x7a,0x49,0x82,0x4c,0x8b,0xfb,0xe6,0xff,0xff,0x7f,0xff,0xff,
    0x2e,0xff,0xff,0xc3,0xc3,0x60,0x08,0x7a,0x9a,0xe6,0xff,0xff,0xff,0xff,0xff,0xff,
    0xff,0xff,0xff,0xff,0xff,0xff,0xff,0xff,0x1c,0xef,0xd3,0xbc,0x45,0x71,0x45,0x71,
    0xc7,0x71,0xce,0x9b,0x59,0xde,0xbe,0xff,0xff,0xff,0xbe,0xff,0x59,0xd6,0x10,0xac,
    0x89,0x82,0x86,0x71,0xc7,0x71,0xce,0x9b,0x9a,0xe6,0xbe,0xff,0xff,0xff,0xff,0xff,
    0xfb,0xe6,0x10,0xac,0x08,0x72,0x45,0x71,0x86,0x71,0x0c,0x9b,0x24,0x71,0xcb,0x82,
    0x5d,0xef,0xff,0xff,0xff,0xff,0x55,0xc5,0x55,0xc5,0xbe,0xff,0xff,0xff,0x7d,0xf7,
    0x10,0xac,0xcb,0x8a,0x55,0xbd,0x89,0x82,0x45,0x71,0x45,0x71,0xaa,0x8a,0x18,0xd6,
    0xff,0xff,0xff,0xff,0xbe,0xff,0x59,0xd6,0x4d,0x9b,0xc7,0x71,0xc7,0x71,0x49,0x7a,
    0x49,0x7a,0x49,0x82,0x4c,0x8b,0xfb,0xe6,0xff,0xff,0x7f,0xff,0xff,0x2e,0xff,0xff,
    0xc3,0xa2,0x60,0x08,0x7a,0x9a,0xe6,0xff,0xff,0xff,0xff,0xff,0xff,0xff,0xff,0xff,
    0xff,0xff,0xff,0x5d,0xef,0xce,0x9b,0x81,0x68,0x8e,0x9b,0xcf,0xa3,0x89,0x82,0xe2,
    0x60,0x08,0x7a,0x9a,0xe6,0xff,0xff,0xbe,0xff,0xcb,0x8a,0x24,0x61,0xcb,0x82,0x10,
    0xac,0x86,0x71,0x81,0x68,0x4c,0x8b,0x5d,0xef,0xff,0xff,0xff,0xff,0x4d,0x9b,0xa2,
    0x60,0x86,0x69,0x8e,0x9b,0xcf,0xa3,0x89,0x82,0x81,0x68,0xcb,0x8a,0x1c,0xf7,0xff,
    0xff,0xff,0xff,0x10,0xa4,0xce,0x9b,0xbe,0xff,0xff,0xff,0x5d,0xef,0xcb,0x8a,0xa2,
    0x60,0x86,0x69,0x4c,0x8b,0x8e,0x9b,0x86,0x69,0xa2,0x60,0x89,0x82,0xff,0xff,0xff,
    0xff,0x9a,0xe6,0x49,0x82,0xc3,0x60,0xcf,0xa3,0x71,0xbc,0x86,0x69,0x03,0x69,0x0c,
    0x9b,0x92,0xac,0x1c,0xef,0xff,0xff,0x21,0xff,0xff,0x84,0xbe,0xff,0x9a,0xe6,0xfb,
    0xe6,0xff,0xff,0x7f,0xff,0xff,0xcb,0xff,0xff,0xff,0xff,0xff,0xff,0xff,0xff,0xff,
    0xff,0xff,0xff,0xff,0xff,0xff,0xff,0xff,0xff,0xa2,0x60,0x08,0x7a,0x9a,0xe6,0xff,
    0xff,0xff,0xff,0xff,0xff,0xff,0xff,0xff,0xff,0xff,0xff,0x55,0xc5,0x45,0x61,0x86,
    0x69,0xbe,0xff,0xbe,0xff,0xfb,0xe6,0x4c,0x8b,0x41,0x60,0xce,0x9b,0xff,0xff,0xbe,
    0xff,0x9a,0xe6,0x18,0xd6,0x5d,0xef,0xff,0xff,0x96,0xc5,0x45,0x71,0x86,0x69,0x16,
    0xd6,0xff,0xff,0xbe,0xff,0x24,0x61,0x24,0x61,0x96,0xcd,0x9c,0xff,0xbe,0xff,0x1c,
    0xf7,0x81,0x68,0xcb,0x8a,0x1c,0xf7,0xff,0xff,0xff,0xff,0x50,0xac,0xcf,0xa3,0xbe,
    0xff,0xff,0xff,0x5d,0xef,0xcb,0x8a,0x81,0x68,0xd7,0xcd,0x7d,0xf7,0xff,0xff,0x55,
    0xbd,0x45,0x61,0x03,0x69,0xff,0xff,0xbe,0xff,0x92,0xbc,0x03,0x69,0x4d,0x9b,0x7d,
    0xf7,0xbe,0xff,0x92,0xac,0x81,0x68,0xf3,0xc4,0xbe,0xff,0xff,0xff,0x22,0xff,0xff,
    0x85,0x9a,0xe6,0xc7,0x71,0x0c,0x8b,0x1c,0xef,0xff,0xff,0x7f,0xff,0xff,0xca,0xff,
    0xff,0xff,0xff,0xff,0xff,0xff,0xff,0xff,0xff,0xff,0xff,0xff,0xff,0xff,0xff,0xe2,
    0x60,0x08,0x7a,0x9a,0xe6,0xff,0xff,0xff,0xff,0xff,0xff,0xff,0xff,0xff,0xff,0xbe,
    0xff,0x4d,0x9b,0xa2,0x60,0x8e,0x9b,0xff,0xff,0xff,0xff,0xff,0xff,0xd7,0xcd,0xa2,
    0x60,0xc7,0x71,0xff,0xff,0xff,0xff,0xff,0xff,0xff,0xff,0xff,0xff,0xbe,0xff,0x38,
    0xde,0x89,0x82,0x03,0x69,0x14,0xc5,0xff,0xff,0x7d,0xf7,0xa2,0x60,0xce,0x9b,0x7d,
    0xf7,0xff,0xff,0xff,0xff,0xff,0xff,0x81,0x68,0xcb,0x8a,0x1c,0xf7,0xff,0xff,0xff,
    0xff,0x50,0xac,0xcf,0xa3,0xbe,0xff,0xff,0xff,0x5d,0xef,0xcb,0x8a,0x81,0x68,0xbe,
    0xff,0xff,0xff,0xff,0xff,0x9a,0xe6,0x08,0x7a,0x03,0x69,0xff,0xff,0xbe,0xff,0xcf,
    0xa3,0xc3,0x60,0xf3,0xc4,0xff,0xff,0xff,0xff,0x96,0xd5,0xc3,0x60,0xcf,0xa3,0x7d,
    0xf7,0xff,0xff,0x22,0xff,0xff,0x85,0x18,0xd6,0xe2,0x60,0x49,0x7a,0x1c,0xef,0xff,
    0xff,0x7f,0xff,0xff,0xca,0xff,0xff,0xff,0xff,0xff,0xff,0xff,0xff,0xff,0xff,0xff,
    0xff,0xff,0xff,0xff,0xff,0xa2,0x60,0x08,0x7a,0x9a,0xe6,0xff,0xff,0xff,0xff,0xff,
    0xff,0xff,0xff,0xff,0xff,0x1c,0xef,0x49,0x82,0x03,0x69,0xd3,0xbc,0xff,0xff,0xff,
    0xff,0xff,0xff,0x9a,0xe6,0x45,0x71,0x03,0x69,0xff,0xff,0xff,0xff,0xbe,0xff,0x1c,
    0xef,0x96,0xcd,0x71,0xbc,0xcb,0x8a,0x24,0x71,0x03,0x69,0xd3,0xbc,0xff,0xff,0xdb,
    0xee,0x03,0x69,0x55,0xbd,0xff,0xff,0xff,0xff,0xff,0xff,0xff,0xff,0x03,0x69,0xcb,
    0x8a,0x5d,0xef,0xff,0xff,0xff,0xff,0x50,0xac,0xcf,0xa3,0xbe,0xff,0xff,0xff,0x5d,
    0xef,0xcb,0x8a,0x81,0x68,0xbe,0xff,0xff,0xff,0xff,0xff,0xdb,0xee,0x89,0x82,0xc3,
    0x60,0xff,0xff,0xbe,0xff,0x92,0xac,0xc3,0x60,0xcf,0xa3,0xbe,0xff,0xbe,0xff,0xf3,
    0xc4,0xc3,0x60,0x50,0xac,0xbe,0xff,0xff,0xff,0x22,0xff,0xff,0x85,0x5d,0xef,0x92,
    0xac,0x96,0xc5,0x7d,0xf7,0xff,0xff,0x7f,0xff,0xff,0xc9,0xff,0xff,0xff,0xff,0xff,
    0xff,0xff,0xff,0xff,0xff,0xff,0xff,0xff,0xff,0xff,0xff,0xa2,0x60,0x08,0x7a,0x9a,
    0xe6,0xff,0xff,0xff,0xff,0xff,0xff,0xff,0xff,0xff,0xff,0xfb,0xe6,0x08,0x7a,0x23,
    0x71,0x55,0xc5,0xff,0xff,0xff,0xff,0xff,0xff,0x1c,0xef,0x86,0x71,0x81,0x68,0xff,
    0xff,0xbe,0xff,0xd7,0xdd,0xcb,0x8a,0x45,0x61,0x08,0x7a,0x10,0xac,0x08,0x7a,0xa2,
    0x60,0xd3,0xbc,0xff,0xff,0xfb,0xe6,0x24,0x61,0x96,0xcd,0xff,0xff,0xff,0xff,0xff,
    0xff,0xff,0xff,0x03,0x69,0xcb,0x8a,0x1c,0xf7,0xff,0xff,0xff,0xff,0x50,0xac,0xcf,
    0xa3,0xbe,0xff,0xff,0xff,0x5d,0xef,0xcb,0x8a,0xa2,0x60,0xbe,0xff,0xff,0xff,0xff,
    0xff,0xdb,0xee,0x89,0x82,0xe2,0x60,0xff,0xff,0xff,0xff,0x18,0xd6,0xc7,0x71,0x86,
    0x69,0x96,0xcd,0x16,0xd6,0x89,0x82,0x03,0x69,0xd7,0xcd,0xff,0xff,0x24,0xff,0xff,
    0x83,0xbe,0xff,0xbe,0xff,0xff,0xff,0x7f,0xff,0xff,0xea,0xff,0xff,0xff,0xff,0xff,
    0xff,0xff,0xff,0xff,0xff,0xff,0xff,0xff,0xff,0xff,0xff,0xff,0xff,0xa2,0x60,0x08,
    0x7a,0x9a,0xe6,0xff,0xff,0xff,0xff,0xff,0xff,0xff,0xff,0xff,0xff,0x1c,0xef,0x89,
    0x82,0x03,0x69,0x14,0xbd,0xff,0xff,0xff,0xff,0xff,0xff,0x9a,0xe6,0x45,0x71,0xa2,
    0x60,0xff,0xff,0x9a,0xe6,0xc7,0x71,0x24,0x61,0x92,0xac,0xfb,0xe6,0x1c,0xef,0x0c,
    0x8b,0xa2,0x60,0xd3,0xbc,0xff,0xff,0xfb,0xe6,0x03,0x69,0x55,0xbd,0xff,0xff,0xff,
    0xff,0xff,0xff,0xff,0xff,0x03,0x69,0xcb,0x82,0x5d,0xef,0xff,0xff,0xff,0xff,0x50,
    0xac,0xcf,0xa3,0xbe,0xff,0xff,0xff,0x5d,0xef,0xcb,0x8a,0x81,0x68,0xbe,0xff,0xff,
    0xff,0xff,0xff,0xdb,0xee,0x49,0x7a,0x03,0x69,0xff,0xff,0xff,0xff,0x9c,0xff,0x92,
    0xac,0xa2,0x60,0x03,0x69,0x45,0x71,0x24,0x71,0x10,0xac,0x7d,0xf7,0xff,0xff,0xff,
    0xff,0xff,0xff,0xff,0xff,0xff,0xff,0xff,0xff,0x7d,0xf7,0xbe,0xff,0xff,0xff,0xff,
    0xff,0xff,0xff,0xff,0xff,0xbe,0xff,0x7d,0xf7,0xff,0xff,0xff,0xff,0xff,0xff,0xff,
    0xff,0xbe,0xff,0x7d,0xf7,0xff,0xff,0xff,0xff,0xff,0xff,0xff,0xff,0xff,0xff,0xbe,
    0xff,0xff,0xff,0xff,0xff,0xff,0xff,0xff,0xff,0xff,0xff,0xbe,0xff,0xff,0xff,0x7f,
    0xff,0xff,0x10,0xff,0xff,0xe1,0xa2,0x60,0x08,0x7a,0x9a,0xe6,0xff,0xff,0xff,0xff,
    0xff,0xff,0xff,0xff,0xff,0xff,0x1c,0xef,0x89,0x82,0x03,0x69,0x14,0xbd,0xff,0xff,
    0xff,0xff,0xff,0xff,0x9a,0xe6,0x45,0x71,0xa2,0x60,0xff,0xff,0x9a,0xe6,0xc7,0x71,
    0x24,0x61,0x92,0xac,0xfb,0xe6,0x1c,0xef,0x0c,0x8b,0xa2,0x60,0xd3,0xbc,0xff,0xff,
    0xfb,0xe6,0x03,0x69,0x55,0xbd,0xff,0xff,0xff,0xff,0xff,0xff,0xff,0xff,0x03,0x69,
    0xcb,0x82,0x5d,0xef,0xff,0xff,0xff,0xff,0x50,0xac,0xcf,0xa3,0xbe,0xff,0xff,0xff,
    0x5d,0xef,0xcb,0x8a,0x81,0x68,0xbe,0xff,0xff,0xff,0xff,0xff,0xdb,0xee,0x49,0x7a,
    0x03,0x69,0xff,0xff,0xff,0xff,0x9c,0xff,0x92,0xac,0xa2,0x60,0x03,0x69,0x45,0x71,
    0x24,0x71,0x10,0xac,0x7d,0xf7,0xff,0xff,0xff,0xff,0xff,0xff,0xff,0xff,0xff,0xff,
    0xff,0xff,0x7d,0xf7,0xbe,0xff,0xff,0xff,0xff,0xff,0xff,0xff,0xff,0xff,0xbe,0xff,
    0x7d,0xf7,0xff,0xff,0xff,0xff,0xff,0xff,0xff,0xff,0xbe,0xff,0x7d,0xf7,0xff,0xff,
    0xff,0xff,0xff,0xff,0xff,0xff,0xff,0xff,0xbe,0xff,0xff,0xff,0xff,0xff,0xff,0xff,
    0xff,0xff,0xff,0xff,0xbe,0xff,0xff,0xff,0x7f,0xff,0xff,0x10,0xff,0xff,0xe2,0xa2,
    0x60,0x08,0x7a,0x9a,0xe6,0xff,0xff,0xff,0xff,0xff,0xff,0xff,0xff,0xff,0xff,0x7d,
    0xf7,0x4d,0x9b,0x81,0x68,0xce,0x9b,0xff,0xff,0xff,0xff,0xff,0xff,0xd7,0xcd,0xe2,
    0x60,0x86,0x69,0xbe,0xff,0xd3,0xbc,0x81,0x68,0x8e,0xa3,0x7d,0xf7,0xff,0xff,0x1c,
    0xef,0xcb,0x8a,0xa2,0x60,0xd3,0xbc,0xff,0xff,0x5d,0xef,0x81,0x68,0x10,0xac,0xbe,
    0xff,0xff,0xff,0xff,0xff,0xff,0xff,0x81,0x68,0xcb,0x82,0x5d,0xef,0xff,0xff,0xff,
    0xff,0x50,0xac,0xcf,0xa3,0xbe,0xff,0xff,0xff,0x5d,0xef,0xcb,0x8a,0x81,0x68,0xbe,
    0xff,0xff,0xff,0xff,0xff,0xdb,0xee,0x49,0x7a,0x03,0x69,0xff,0xff,0xff,0xff,0x9a,
    0xe6,0xcb,0x8a,0x0c,0x9b,0x14,0xc5,0xd3,0xbc,0x16,0xd6,0xbe,0xff,0xff,0xff,0xff,
    0xff,0xff,0xff,0xff,0xff,0xff,0xff,0xff,0xff,0x59,0xde,0x8e,0x9b,0xce,0x9b,0xff,
    0xff,0xff,0xff,0xff,0xff,0x1c,0xef,0x10,0xac,0x0c,0x9b,0xff,0xff,0xff,0xff,0xff,
    0xff,0xbe,0xff,0xf3,0xc4,0x0c,0x9b,0x7d,0xf7,0xff,0xff,0xff,0xff,0xbe,0xff,0xd7,
    0xdd,0x4d,0x9b,0xdb,0xee,0xff,0xff,0xff,0xff,0xff,0xff,0xfb,0xe6,0x10,0xa4,0x38,
    0xde,0xff,0xff,0x7f,0xff,0xff,0xf2,0xff,0xff,0xff,0xff,0xff,0xff,0xff,0xff,0xff,
    0xff,0xff,0xff,0xff,0xff,0xff,0xff,0xff,0xff,0xff,0xff,0xff,0xff,0xff,0xff,0xff,
    0xff,0xff,0xff,0xff,0xff,0xe2,0x60,0x08,0x7a,0x57,0xde,0x1c,0xef,0x1c,0xef,0x1c,
    0xef,0x5d,0xef,0xbe,0xff,0xff,0xff,0x96,0xc5,0x86,0x69,0x86,0x71,0x7d,0xf7,0x7d,
    0xf7,0x9a,0xe6,0x4c,0x8b,0x41,0x60,0xce,0x9b,0xbe,0xff,0x92,0xbc,0xa2,0x60,0x8e,
    0x9b,0x1c,0xef,0xbe,0xff,0x55,0xbd,0xc7,0x71,0x81,0x68,0xd3,0xbc,0xff,0xff,0xbe,
    0xff,0x03,0x69,0x45,0x71,0x16,0xd6,0x7d,0xf7,0x7d,0xf7,0x9a,0xe6,0x81,0x68,0xcb,
    0x82,0x1c,0xef,0xff,0xff,0xff,0xff,0x50,0xac,0xcf,0xa3,0xbe,0xff,0xff,0xff,0x5d,
    0xef,0xcb,0x8a,0x81,0x68,0xbe,0xff,0xff,0xff,0xff,0xff,0xdb,0xee,0x49,0x7a,0xe2,
    0x60,0xff,0xff,0xff,0xff,0x14,0xc5,0x23,0x71,0xd3,0xbc,0x7d,0xf7,0x7d,0xf7,0xbe,
    0xff,0xbe,0xff,0xff,0xff,0xff,0xff,0xff,0xff,0xff,0xff,0xff,0xff,0xbe,0xff,0x10,
    0xa4,0xa2,0x60,0xa2,0x60,0xbe,0xff,0xff,0xff,0xff,0xff,0x55,0xbd,0x03,0x69,0xa2,
    0x60,0x7d,0xf7,0xff,0xff,0xff,0xff,0x9a,0xe6,0x45,0x61,0x81,0x68,0x9a,0xe6,0xff,
    0xff,0xff,0xff,0x7d,0xf7,0x8e,0x93,0xc3,0x60,0x55,0xbd,0xff,0xff,0xff,0xff,0xff,
    0xff,0x92,0xac,0x24,0x61,0x8e,0x93,0xbe,0xff,0xff,0xff,0x7f,0xff,0xff,0xf0,0xff,
    0xff,0xff,0xff,0xff,0xff,0xff,0xff,0xff,0xff,0xff,0xff,0xff,0xff,0xff,0xff,0xff,
    0xff,0xff,0xff,0xff,0xff,0xff,0xff,0xff,0xff,0xff,0xff,0xa2,0x60,0x03,0x69,0x49,
    0x82,0xaa,0x8a,0xaa,0x8a,0xaa,0x8a,0x0c,0x9b,0x59,0xde,0xff,0xff,0x5d,0xef,0xce,
    0x9b,0x03,0x69,0xcf,0xa3,0x10,0xac,0x49,0x82,0xa2,0x60,0x49,0x7a,0x59,0xde,0xff,
    0xff,0xd7,0xdd,0x24,0x61,0x24,0x71,0x8e,0x9b,0x92,0xbc,0xc7,0x71,0x24,0x71,0x81,
    0x68,0xd3,0xbc,0xff,0xff,0xff,0xff,0x8a,0x7a,0xa2,0x60,0x08,0x7a,0xcf,0xa3,0x10,
    0xac,0x49,0x7a,0x03,0x69,0xcb,0x82,0x1c,0xef,0xff,0xff,0xbe,0xff,0x10,0xa4,0xcf,
    0xa3,0xbe,0xff,0xff,0xff,0x5d,0xef,0xcb,0x8a,0xa2,0x60,0xbe,0xff,0xff,0xff,0xff,
    0xff,0xfb,0xe6,0x49,0x7a,0xe2,0x60,0xff,0xff,0xff,0xff,0xd7,0xcd,0x86,0x69,0xc7,
    0x71,0x10,0xac,0x92,0xbc,0x92,0xbc,0x14,0xc5,0x57,0xde,0x7d,0xf7,0xff,0xff,0xff,
    0xff,0xff,0xff,0xbe,0xff,0x92,0xac,0xe2,0x60,0x24,0x61,0xbe,0xff,0xff,0xff,0xff,
    0xff,0x96,0xcd,0x86,0x69,0x03,0x69,0xbe,0xff,0xff,0xff,0xff,0xff,0xfb,0xe6,0x48,
    0x72,0xe2,0x60,0xfb,0xe6,0xff,0xff,0xff,0xff,0x7d,0xf7,0x10,0xa4,0xc3,0x60,0xd7,
    0xcd,0xff,0xff,0xff,0xff,0xff,0xff,0x14,0xbd,0x45,0x61,0x50,0xac,0xff,0xff,0x7f,
    0xff,0xff,0xf1,0xff,0xff,0xff,0xff,0xff,0xff,0xff,0xff,0xff,0xff,0xff,0xff,0xff,
    0xff,0xff,0xff,0xff,0xff,0xff,0xff,0xff,0xff,0xff,0xff,0xff,0xff,0xff,0xff,0xff,
    0xff,0x49,0x7a,0x86,0x69,0x86,0x69,0x45,0x71,0x86,0x69,0x86,0x71,0x08,0x7a,0xd7,
    0xcd,0xff,0xff,0xff,0xff,0x1c,0xef,0x50,0xac,0xe2,0x60,0xa2,0x60,0x86,0x69,0x0c,
    0x8b,0x57,0xde,0xbe,0xff,0xff,0xff,0xbe,0xff,0x50,0xac,0x86,0x69,0xa2,0x60,0xc3,
    0x60,0x55,0xbd,0x71,0xbc,0x08,0x72,0x55,0xbd,0xff,0xff,0xff,0xff,0x16,0xd6,0x8a,
    0x7a,0x24,0x61,0xa2,0x60,0x24,0x61,0xcb,0x82,0xcb,0x8a,0x8e,0x93,0x7d,0xf7,0xff,
    0xff,0xff,0xff,0xd3,0xbc,0x92,0xbc,0xbe,0xff,0xff,0xff,0x5d,0xef,0xce,0x9b,0x86,
    0x69,0xff,0xff,0xff,0xff,0xff,0xff,0x5d,0xef,0x4c,0x8b,0x08,0x72,0xff,0xff,0xff,
    0xff,0x1c,0xf7,0x8e,0x9b,0xa2,0x60,0xe2,0x60,0x41,0x60,0xa2,0x60,0x81,0x68,0x86,
    0x69,0x92,0xac,0x7d,0xf7,0xff,0xff,0xff,0xff,0xff,0xff,0x5d,0xef,0xd3,0xbc,0x14,
    0xbd,0xff,0xff,0xff,0xff,0xff,0xff,0x7d,0xf7,0xd7,0xcd,0x92,0xbc,0xff,0xff,0xff,
    0xff,0xff,0xff,0xbe,0xff,0x57,0xde,0x92,0xac,0xbe,0xff,0xff,0xff,0xff,0xff,0xff,
    0xff,0xfb,0xe6,0xd3,0xbc,0x7d,0xf7,0xff,0xff,0xff,0xff,0xff,0xff,0x7d,0xf7,0x55,
    0xbd,0x1c,0xef,0xff,0xff,0x7f,0xff,0xff,0xd2,0xff,0xff,0xff,0xff,0xff,0xff,0xff,
    0xff,0xff,0xff,0xff,0xff,0xff,0xff,0xff,0xff,0xff,0xff,0xff,0xff,0xff,0xff,0xff,
    0xff,0xff,0xff,0xff,0xff,0xff,0xff,0x1c,0xef,0xfb,0xe6,0xfb,0xe6,0xfb,0xe6,0xfb,
    0xe6,0xfb,0xe6,0x1c,0xef,0xbe,0xff,0xff,0xff,0xff,0xff,0xff,0xff,0xbe,0xff,0x38,
    0xde,0x59,0xd6,0x9a,0xe6,0x7d,0xf7,0xff,0xff,0xff,0xff,0xff,0xff,0xff,0xff,0xbe,
    0xff,0xfb,0xe6,0x38,0xde,0x59,0xde,0xff,0xff,0x7d,0xf7,0x1c,0xef,0x7d,0xf7,0xff,
    0xff,0xff,0xff,0xff,0xff,0x1c,0xf7,0x59,0xde,0x17,0xde,0x9a,0xe6,0x7d,0xf7,0x1c,
    0xef,0x7d,0xf7,0xff,0xff,0xff,0xff,0xff,0xff,0xbe,0xff,0x7d,0xf7,0xff,0xff,0xff,
    0xff,0xff,0xff,0x7d,0xf7,0xfb,0xe6,0xff,0xff,0xff,0xff,0xff,0xff,0xff,0xff,0x5d,
    0xef,0xdb,0xee,0xff,0xff,0xbe,0xff,0x14,0xbd,0xc7,0x71,0xd3,0xbc,0x59,0xde,0x38,
    0xde,0xd7,0xdd,0x92,0xac,0x24,0x61,0x45,0x61,0x18,0xd6,0xff,0xff,0x7f,0xff,0xff,
    0x49,0xff,0xff,0x82,0xbe,0xff,0xff,0xff,0x1a,0xff,0xff,0x8c,0xfb,0xe6,0x89,0x82,
    0xcb,0x82,0x7d,0xf7,0xff,0xff,0xff,0xff,0xff,0xff,0x5d,0xef,0x49,0x7a,0x03,0x69,
    0xd7,0xcd,0xff,0xff,0x7f,0xff,0xff,0x49,0xff,0xff,0x82,0xbe,0xff,0xff,0xff,0x1a,
    0xff,0xff,0x8c,0xfb,0xe6,0x89,0x82,0xcb,0x82,0x7d,0xf7,0xff,0xff,0xff,0xff,0xff,
    0xff,0x5d,0xef,0x49,0x7a,0x03,0x69,0xd7,0xcd,0xff,0xff,0x7f,0xff,0xff,0x65,0xff,
    0xff,0x8c,0x9a,0xe6,0x49,0x7a,0x49,0x7a,0x59,0xde,0xbe,0xff,0xbe,0xff,0x7d,0xf7,
    0x96,0xcd,0x86,0x69,0x8a,0x7a,0x9a,0xe6,0xff,0xff,0x7f,0xff,0xff,0x65,0xff,0xff,
    0x8b,0x7d,0xf7,0x50,0xac,0x45,0x61,0x08,0x82,0x10,0xac,0x92,0xbc,0x8e,0x9b,0x86,
    0x71,0x49,0x7a,0xd7,0xcd,0xff,0xff,0x7f,0xff,0xff,0x67,0xff,0xff,0x89,0x7d,0xf7,
    0x55,0xbd,0xce,0x9b,0xce,0x9b,0xce,0x9b,0xce,0x9b,0x92,0xac,0xfb,0xe6,0xff,0xff,
    0x7f,0xff,0xff,0x6a,0xff,0xff,0x85,0xbe,0xff,0xbe,0xff,0xbe,0xff,0xbe,0xff,0xff,
    0xff,0x7f,0xff,0xff,0x7f,0xff,0xff,0x7f,0xff,0xff,0x7f,0xff,0xff,0x7f,0xff,0xff,
    0x7f,0xff,0xff,0x7f,0xff,0xff,0x7f,0xff,0xff,0x7f,0xff,0xff,0x7f,0xff,0xff,0x7f,
    0xff,0xff,0x7f,0xff,0xff,0x7f,0xff,0xff,0x7f,0xff,0xff,0x7f,0xff,0xff,0x7f,0xff,
    0xff,0x7f,0xff,0xff,0x7f,0xff,0xff,0x7f,0xff,0xff,0x7f,0xff,0xff,0x7f,0xff,0xff,
    0x7f,0xff,0xff,0x7f,0xff,0xff,0x7f,0xff,0xff,0x7f,0xff,0xff,0x7f,0xff,0xff,0x7f,
    0xff,0xff,0x7f,0xff,0xff,0x7f,0xff,0xff,0x7f,0xff,0xff,0x7f,0xff,0xff,0x7f,0xff,
    0xff,0x7f,0xff,0xff,0x7f,0xff,0xff,0x7f,0xff,0xff,0x7f,0xff,0xff,0x7f,0xff,0xff,
    0x7f,0xff,0xff,0x7f,0xff,0xff,0x7f,0xff,0xff,0x7f,0xff,0xff,0x7f,0xff,0xff,0x7f,
    0xff,0xff,0x7f,0xff,0xff,0x7f,0xff,0xff,0x7f,0xff,0xff,0x7f,0xff,0xff,0x7f,0xff,
    0xff,0x7f,0xff,0xff,0x7f,0xff,0xff,0x7f,0xff,0xff,0x7f,0xff,0xff,0x7f,0xff,0xff,
    0x7f,0xff,0xff,0x7f,0xff,0xff,0x7f,0xff,0xff,0x7f,0xff,0xff,0x7f,0xff,0xff,0x7f,
    0xff,0xff,0x7f,0xff,0xff,0x7f,0xff,0xff,0x7f,0xff,0xff,0x7f,0xff,0xff,0x7f,0xff,
    0xff,0x7f,0xff,0xff,0x7f,0xff,0xff,0x7f,0xff,0xff,0x7f,0xff,0xff,0x7f,0xff,0xff,
    0x7f,0xff,0xff,0x7f,0xff,0xff,0x7f,0xff,0xff,0x7f,0xff,0xff,0x7f,0xff,0xff,0x7f,
    0xff,0xff,0x7f,0xff,0xff,0x38,0xff,0xff,

};

extern const lv_image_dsc_t frame_12_delay_0 = {
    .header = {
       .magic = LV_IMAGE_HEADER_MAGIC,
       .cf = LV_COLOR_FORMAT_RGB565,
       .flags = 0 | LV_IMAGE_FLAGS_COMPRESSED,
       .w = 240,
       .h = 280,
       .stride = 480
   },
   .data_size = sizeof(frame_12_delay_0_map),
   .data = frame_12_delay_0_map,
};

